Error decoding JSON from C:\Users\HOP\AppData\Roaming\Ultralytics\persistent_cache.json. Starting with an empty dictionary.
2026-08-08 18:03:06 - app.database.connection - INFO - Database connected successfully
2026-08-08 18:03:06 - app.services.ai.warmup - INFO - Warm-up: starting plate detector + OCR request_id=startup | event=warmup_started
2026-08-08 18:03:06 - app.services.ai.plate_detection.model_loader - INFO - Loading YOLO model from: models/license_plate_detector.pt
2026-08-08 18:03:06 - app.services.ai.registry.model_registry - INFO - Registered model 'yolo' (object_detection) on cpu
2026-08-08 18:03:06 - app.services.ai.plate_detection.model_loader - INFO - Model loaded: device=cpu, version=8.3.87
2026-08-08 18:03:06 - app.services.ai.plate_detection.model_loader - INFO - YOLO model classes: {0: 'license_plate'} | event=model_classes
2026-08-08 18:03:06 - app.services.ai.plate_detection.model_loader - INFO - YOLO plate classes: ['license_plate'] | event=model_plate_classes
2026-08-08 18:03:07 - app.services.ai.warmup - INFO - Warm-up: plate detector ready (675.07ms) request_id=startup | event=warmup_model_ready | duration_ms=675.07 | model=plate_detector
2026-08-08 18:03:07 - app.services.ai.ocr.ocr_loader - INFO - Loading EasyOCR reader: langs=['en'], gpu=False
2026-08-08 18:03:07 - easyocr.easyocr - WARNING - Using CPU. Note: This module is much faster with a GPU.
2026-08-08 18:03:14 - app.services.ai.registry.model_registry - INFO - Registered model 'easyocr' (ocr) on cpu
2026-08-08 18:03:14 - app.services.ai.ocr.ocr_loader - INFO - OCR reader loaded: device=cpu, langs=['en']
2026-08-08 18:03:14 - app.services.ai.warmup - INFO - Warm-up: OCR reader ready (6822.35ms) request_id=startup | event=warmup_model_ready | duration_ms=6822.35 | model=ocr
2026-08-08 18:30:02 - app.middleware.request_logging - INFO - Request started: POST /api/v1/pipeline/process/upload (client=127.0.0.1) request_id=2635af50a8c8 | event=request_start
2026-08-08 18:30:02 - app.services.ai.camera.storage_service - INFO - Storage directories ensured at C:\Users\HOP\Desktop\gatevison\gatevision-backend\uploads
2026-08-08 18:30:02 - app.services.ai.camera.storage_service - INFO - Storage directories ensured at C:\Users\HOP\Desktop\gatevison\gatevision-backend\uploads
2026-08-08 18:30:02 - app.services.ai.orchestrator.orchestrator - INFO - Pipeline AI services configured | event=pipeline_services | detection=DetectionService | ocr=OcrService | face=enabled(model_ready) | vehicle=enabled(model_ready) | decision=DecisionEngine | gate_workflow=WorkflowService
2026-08-08 18:30:02 - app.services.ai.orchestrator.execution_logger - INFO - Pipeline started request_id=2635af50a8c8 | event=pipeline_started
2026-08-08 18:30:02 - app.services.ai.orchestrator.workflow - INFO - Stage completed: _capture_frame (0.00ms) request_id=2635af50a8c8 | event=stage_completed | stage=_capture_frame | duration_ms=0.0
2026-08-08 18:30:02 - gatevision.detection - INFO - Detection started | source=unknown
2026-08-08 18:30:02 - app.services.ai.camera.storage_service - INFO - Image saved: C:\Users\HOP\Desktop\gatevison\gatevision-backend\uploads\plates\plate_0.856_0873e7b0.jpg
2026-08-08 18:30:02 - gatevision.detection - INFO - Detection completed | plates=1 | time_ms=257.54
2026-08-08 18:30:02 - app.services.ai.orchestrator.workflow - INFO - Stage completed: _detect_plates (261.91ms) request_id=2635af50a8c8 | event=stage_completed | stage=_detect_plates | duration_ms=261.91
2026-08-08 18:30:02 - app.services.ai.orchestrator.workflow - INFO - Stage completed: _crop_plates (0.06ms) request_id=2635af50a8c8 | event=stage_completed | stage=_crop_plates | duration_ms=0.06
2026-08-08 18:30:03 - app.services.ai.ocr.plate_reader - INFO - OCR inference | event=ocr_inference | crop_index=0 | input_size=181x105 | prepared_size=181x105 | results=2 | top='LAGOS' | elapsed_ms=800
2026-08-08 18:30:03 - app.services.ai.orchestrator.orchestrator - INFO - OCR result: 2635af50a8c8 request_id=2635af50a8c8 | event=ocr_crop_result | crop_index=0 | crop_size=181x105 | detector_conf=0.856 | text='KJA 987FT' | ocr_conf=0.769 | validation=valid
2026-08-08 18:30:03 - app.services.ai.orchestrator.workflow - INFO - Stage completed: _recognize_plates (803.31ms) request_id=2635af50a8c8 | event=stage_completed | stage=_recognize_plates | duration_ms=803.31
2026-08-08 18:30:03 - app.services.ai.face_recognition.recognition_logger - INFO - Face recognition started event=face_recognition_started
2026-08-08 18:30:03 - app.services.ai.face_recognition.face_loader - INFO - Loading InsightFace: model=buffalo_l, ctx_id=-1
Applied providers: ['CPUExecutionProvider'], with options: {'CPUExecutionProvider': {}}
find model: C:\Users\HOP/.insightface\models\buffalo_l\1k3d68.onnx landmark_3d_68 ['None', 3, 192, 192] 0.0 1.0
Applied providers: ['CPUExecutionProvider'], with options: {'CPUExecutionProvider': {}}
find model: C:\Users\HOP/.insightface\models\buffalo_l\2d106det.onnx landmark_2d_106 ['None', 3, 192, 192] 0.0 1.0
Applied providers: ['CPUExecutionProvider'], with options: {'CPUExecutionProvider': {}}
find model: C:\Users\HOP/.insightface\models\buffalo_l\det_10g.onnx detection [1, 3, '?', '?'] 127.5 128.0
Applied providers: ['CPUExecutionProvider'], with options: {'CPUExecutionProvider': {}}
find model: C:\Users\HOP/.insightface\models\buffalo_l\genderage.onnx genderage ['None', 3, 96, 96] 0.0 1.0
Applied providers: ['CPUExecutionProvider'], with options: {'CPUExecutionProvider': {}}
find model: C:\Users\HOP/.insightface\models\buffalo_l\w600k_r50.onnx recognition ['None', 3, 112, 112] 127.5 127.5
set det-size: [(128, 128), (640, 640)]
2026-08-08 18:30:06 - app.services.ai.registry.model_registry - INFO - Registered model 'insightface' (face_recognition) on cpu
2026-08-08 18:30:06 - app.services.ai.face_recognition.face_loader - INFO - Face model loaded: device=cpu, model=buffalo_l
2026-08-08 18:30:07 - app.services.ai.face_recognition.recognition_logger - INFO - Faces detected: 1 event=face_detected
2026-08-08 18:30:07 - app.services.ai.face_recognition.recognition_logger - INFO - Face aligned event=face_aligned
2026-08-08 18:30:08 - app.services.ai.face_recognition.recognition_logger - INFO - Embedding extracted: dim=512 event=embedding_extracted
2026-08-08 18:30:08 - app.services.ai.face_recognition.recognition_logger - INFO - Face recognition completed event=face_recognition_completed
2026-08-08 18:30:08 - app.services.ai.orchestrator.workflow - INFO - Stage completed: _recognize_faces (5219.72ms) request_id=2635af50a8c8 | event=stage_completed | stage=_recognize_faces | duration_ms=5219.72
2026-08-08 18:30:08 - app.services.ai.vehicle_fingerprint.vehicle_loader - INFO - Loading vehicle model: resnet50 on cpu
2026-08-08 18:30:09 - app.services.ai.registry.model_registry - INFO - Registered model 'resnet50' (vehicle_fingerprint) on cpu
2026-08-08 18:30:09 - app.services.ai.vehicle_fingerprint.vehicle_loader - INFO - Vehicle model loaded: device=cpu, model=resnet50, dim=2048
2026-08-08 18:30:09 - app.services.ai.orchestrator.workflow - INFO - Stage completed: _process_vehicle_fingerprint (1016.63ms) request_id=2635af50a8c8 | event=stage_completed | stage=_process_vehicle_fingerprint | duration_ms=1016.63
2026-08-08 18:30:09 - app.services.ai.orchestrator.workflow - INFO - Stage completed: _evaluate_decision (0.42ms) request_id=2635af50a8c8 | event=stage_completed | stage=_evaluate_decision | duration_ms=0.42
2026-08-08 18:30:09 - app.services.ai.orchestrator.workflow - INFO - Stage completed: _persist_decision (2.90ms) request_id=2635af50a8c8 | event=stage_completed | stage=_persist_decision | duration_ms=2.9
2026-08-08 18:30:09 - gate - INFO - ENTRY | vehicle=KJA987FT session=be964330-7a1f-44e8-98d3-4891f0133f58 txn=856c08cd-b755-4285-8dbe-f8116e30162d
2026-08-08 18:30:09 - app.services.ai.orchestrator.workflow - INFO - Stage completed: _process_gate_workflow (20.78ms) request_id=2635af50a8c8 | event=stage_completed | stage=_process_gate_workflow | duration_ms=20.78
2026-08-08 18:30:09 - app.services.ai.orchestrator.workflow - INFO - Stage completed: _aggregate_results (0.00ms) request_id=2635af50a8c8 | event=stage_completed | stage=_aggregate_results | duration_ms=0.0
2026-08-08 18:30:09 - app.services.ai.orchestrator.execution_logger - INFO - Pipeline succeeded (7331.58ms) request_id=2635af50a8c8 | event=pipeline_completed
2026-08-08 18:30:09 - app.services.ai.orchestrator.orchestrator - INFO - Pipeline summary: total=7331.58ms stages={'_capture_frame': 0.0, '_detect_plates': 261.91, '_crop_plates': 0.06, '_recognize_plates': 803.31, '_recognize_faces': 5219.72, '_process_vehicle_fingerprint': 1016.63, '_evaluate_decision': 0.42, '_persist_decision': 2.9, '_process_gate_workflow': 20.78, '_aggregate_results': 0.0} decision=GRANT recognized=1 errors=0 request_id=2635af50a8c8 | event=pipeline_summary | decision=GRANT
2026-08-08 18:30:09 - app.middleware.request_logging - INFO - Request completed: POST /api/v1/pipeline/process/upload -> 200 (7446.72ms) request_id=2635af50a8c8 | event=request_completed | duration_ms=7446.72
INFO:     127.0.0.1:56992 - "POST /api/v1/pipeline/process/upload?direction=entry HTTP/1.1" 200 OK
2026-08-08 18:30:18 - app.middleware.request_logging - INFO - Request started: POST /api/v1/pipeline/process/upload (client=127.0.0.1) request_id=142dc73deb43 | event=request_start
2026-08-08 18:30:18 - app.services.ai.camera.storage_service - INFO - Storage directories ensured at C:\Users\HOP\Desktop\gatevison\gatevision-backend\uploads
2026-08-08 18:30:18 - app.services.ai.camera.storage_service - INFO - Storage directories ensured at C:\Users\HOP\Desktop\gatevison\gatevision-backend\uploads
2026-08-08 18:30:18 - app.services.ai.orchestrator.orchestrator - INFO - Pipeline AI services configured | event=pipeline_services | detection=DetectionService | ocr=OcrService | face=enabled(model_ready) | vehicle=enabled(model_ready) | decision=DecisionEngine | gate_workflow=WorkflowService
2026-08-08 18:30:18 - app.services.ai.orchestrator.execution_logger - INFO - Pipeline started request_id=142dc73deb43 | event=pipeline_started
2026-08-08 18:30:18 - app.services.ai.orchestrator.workflow - INFO - Stage completed: _capture_frame (0.00ms) request_id=142dc73deb43 | event=stage_completed | stage=_capture_frame | duration_ms=0.0
2026-08-08 18:30:18 - gatevision.detection - INFO - Detection started | source=unknown
2026-08-08 18:30:19 - app.services.ai.camera.storage_service - INFO - Image saved: C:\Users\HOP\Desktop\gatevison\gatevision-backend\uploads\plates\plate_0.856_78342288.jpg
2026-08-08 18:30:19 - gatevision.detection - INFO - Detection completed | plates=1 | time_ms=198.34
2026-08-08 18:30:19 - app.services.ai.orchestrator.workflow - INFO - Stage completed: _detect_plates (201.52ms) request_id=142dc73deb43 | event=stage_completed | stage=_detect_plates | duration_ms=201.52
2026-08-08 18:30:19 - app.services.ai.orchestrator.workflow - INFO - Stage completed: _crop_plates (0.04ms) request_id=142dc73deb43 | event=stage_completed | stage=_crop_plates | duration_ms=0.04
2026-08-08 18:30:19 - app.services.ai.ocr.plate_reader - INFO - OCR inference | event=ocr_inference | crop_index=0 | input_size=181x105 | prepared_size=181x105 | results=2 | top='LAGOS' | elapsed_ms=651
2026-08-08 18:30:19 - app.services.ai.orchestrator.orchestrator - INFO - OCR result: 142dc73deb43 request_id=142dc73deb43 | event=ocr_crop_result | crop_index=0 | crop_size=181x105 | detector_conf=0.856 | text='KJA 987FT' | ocr_conf=0.769 | validation=valid
2026-08-08 18:30:19 - app.services.ai.orchestrator.workflow - INFO - Stage completed: _recognize_plates (653.24ms) request_id=142dc73deb43 | event=stage_completed | stage=_recognize_plates | duration_ms=653.24
2026-08-08 18:30:19 - app.services.ai.face_recognition.recognition_logger - INFO - Face recognition started event=face_recognition_started
2026-08-08 18:30:20 - app.services.ai.face_recognition.recognition_logger - INFO - Faces detected: 1 event=face_detected
2026-08-08 18:30:20 - app.services.ai.face_recognition.recognition_logger - INFO - Face aligned event=face_aligned
2026-08-08 18:30:21 - app.services.ai.face_recognition.recognition_logger - INFO - Embedding extracted: dim=512 event=embedding_extracted
2026-08-08 18:30:21 - app.services.ai.face_recognition.recognition_logger - INFO - Face recognition completed event=face_recognition_completed
2026-08-08 18:30:21 - app.services.ai.orchestrator.workflow - INFO - Stage completed: _recognize_faces (1541.11ms) request_id=142dc73deb43 | event=stage_completed | stage=_recognize_faces | duration_ms=1541.11
2026-08-08 18:30:21 - app.services.ai.orchestrator.workflow - INFO - Stage completed: _process_vehicle_fingerprint (244.51ms) request_id=142dc73deb43 | event=stage_completed | stage=_process_vehicle_fingerprint | duration_ms=244.51
2026-08-08 18:30:21 - app.services.ai.orchestrator.workflow - INFO - Stage completed: _evaluate_decision (0.37ms) request_id=142dc73deb43 | event=stage_completed | stage=_evaluate_decision | duration_ms=0.37
2026-08-08 18:30:21 - app.services.ai.orchestrator.workflow - INFO - Stage completed: _persist_decision (2.97ms) request_id=142dc73deb43 | event=stage_completed | stage=_persist_decision | duration_ms=2.97
2026-08-08 18:30:21 - gate - ERROR - GateError | op=entry_session | error=Vehicle 'KJA987FT' is already INSIDE. Duplicate entry rejected.
2026-08-08 18:30:21 - app.services.ai.orchestrator.workflow - INFO - Stage completed: _process_gate_workflow (4.90ms) request_id=142dc73deb43 | event=stage_completed | stage=_process_gate_workflow | duration_ms=4.9
2026-08-08 18:30:21 - app.services.ai.orchestrator.workflow - INFO - Stage completed: _aggregate_results (0.00ms) request_id=142dc73deb43 | event=stage_completed | stage=_aggregate_results | duration_ms=0.0
2026-08-08 18:30:21 - app.services.ai.orchestrator.execution_logger - INFO - Pipeline succeeded (2654.12ms) request_id=142dc73deb43 | event=pipeline_completed
2026-08-08 18:30:21 - app.services.ai.orchestrator.orchestrator - INFO - Pipeline summary: total=2654.12ms stages={'_capture_frame': 0.0, '_detect_plates': 201.52, '_crop_plates': 0.04, '_recognize_plates': 653.24, '_recognize_faces': 1541.11, '_process_vehicle_fingerprint': 244.51, '_evaluate_decision': 0.37, '_persist_decision': 2.97, '_process_gate_workflow': 4.9, '_aggregate_results': 0.0} decision=GRANT recognized=1 errors=0 request_id=142dc73deb43 | event=pipeline_summary | decision=GRANT
2026-08-08 18:30:21 - app.middleware.request_logging - INFO - Request completed: POST /api/v1/pipeline/process/upload -> 200 (2761.55ms) request_id=142dc73deb43 | event=request_completed | duration_ms=2761.55
INFO:     127.0.0.1:57004 - "POST /api/v1/pipeline/process/upload?direction=entry HTTP/1.1" 200 OK
2026-08-08 18:30:31 - app.middleware.request_logging - INFO - Request started: POST /api/v1/pipeline/process/upload (client=127.0.0.1) request_id=bf40171978fa | event=request_start
2026-08-08 18:30:31 - app.services.ai.camera.storage_service - INFO - Storage directories ensured at C:\Users\HOP\Desktop\gatevison\gatevision-backend\uploads
2026-08-08 18:30:31 - app.services.ai.camera.storage_service - INFO - Storage directories ensured at C:\Users\HOP\Desktop\gatevison\gatevision-backend\uploads
2026-08-08 18:30:31 - app.services.ai.orchestrator.orchestrator - INFO - Pipeline AI services configured | event=pipeline_services | detection=DetectionService | ocr=OcrService | face=enabled(model_ready) | vehicle=enabled(model_ready) | decision=DecisionEngine | gate_workflow=WorkflowService
2026-08-08 18:30:32 - app.services.ai.orchestrator.execution_logger - INFO - Pipeline started request_id=bf40171978fa | event=pipeline_started
2026-08-08 18:30:32 - app.services.ai.orchestrator.workflow - INFO - Stage completed: _capture_frame (0.00ms) request_id=bf40171978fa | event=stage_completed | stage=_capture_frame | duration_ms=0.0
2026-08-08 18:30:32 - gatevision.detection - INFO - Detection started | source=unknown
2026-08-08 18:30:32 - app.services.ai.camera.storage_service - INFO - Image saved: C:\Users\HOP\Desktop\gatevison\gatevision-backend\uploads\plates\plate_0.856_3910f93b.jpg
2026-08-08 18:30:32 - gatevision.detection - INFO - Detection completed | plates=1 | time_ms=189.94
2026-08-08 18:30:32 - app.services.ai.orchestrator.workflow - INFO - Stage completed: _detect_plates (193.26ms) request_id=bf40171978fa | event=stage_completed | stage=_detect_plates | duration_ms=193.26
2026-08-08 18:30:32 - app.services.ai.orchestrator.workflow - INFO - Stage completed: _crop_plates (0.04ms) request_id=bf40171978fa | event=stage_completed | stage=_crop_plates | duration_ms=0.04
2026-08-08 18:30:32 - app.services.ai.ocr.plate_reader - INFO - OCR inference | event=ocr_inference | crop_index=0 | input_size=181x105 | prepared_size=181x105 | results=2 | top='LAGOS' | elapsed_ms=647
2026-08-08 18:30:32 - app.services.ai.orchestrator.orchestrator - INFO - OCR result: bf40171978fa request_id=bf40171978fa | event=ocr_crop_result | crop_index=0 | crop_size=181x105 | detector_conf=0.856 | text='KJA 987FT' | ocr_conf=0.769 | validation=valid
2026-08-08 18:30:32 - app.services.ai.orchestrator.workflow - INFO - Stage completed: _recognize_plates (649.31ms) request_id=bf40171978fa | event=stage_completed | stage=_recognize_plates | duration_ms=649.31
2026-08-08 18:30:32 - app.services.ai.face_recognition.recognition_logger - INFO - Face recognition started event=face_recognition_started
2026-08-08 18:30:33 - app.services.ai.face_recognition.recognition_logger - INFO - Faces detected: 1 event=face_detected
2026-08-08 18:30:33 - app.services.ai.face_recognition.recognition_logger - INFO - Face aligned event=face_aligned
2026-08-08 18:30:34 - app.services.ai.face_recognition.recognition_logger - INFO - Embedding extracted: dim=512 event=embedding_extracted
2026-08-08 18:30:34 - app.services.ai.face_recognition.recognition_logger - INFO - Face recognition completed event=face_recognition_completed
2026-08-08 18:30:34 - app.services.ai.orchestrator.workflow - INFO - Stage completed: _recognize_faces (1627.72ms) request_id=bf40171978fa | event=stage_completed | stage=_recognize_faces | duration_ms=1627.72
2026-08-08 18:30:34 - app.services.ai.orchestrator.workflow - INFO - Stage completed: _process_vehicle_fingerprint (250.34ms) request_id=bf40171978fa | event=stage_completed | stage=_process_vehicle_fingerprint | duration_ms=250.34
2026-08-08 18:30:34 - app.services.ai.orchestrator.workflow - INFO - Stage completed: _evaluate_decision (0.49ms) request_id=bf40171978fa | event=stage_completed | stage=_evaluate_decision | duration_ms=0.49
2026-08-08 18:30:34 - app.services.ai.orchestrator.workflow - INFO - Stage completed: _persist_decision (3.15ms) request_id=bf40171978fa | event=stage_completed | stage=_persist_decision | duration_ms=3.15
2026-08-08 18:30:34 - gate - INFO - EXIT | vehicle=KJA987FT session=be964330-7a1f-44e8-98d3-4891f0133f58 txn=180f61f1-b884-437b-bffd-4ea887bbe88b
2026-08-08 18:30:34 - app.services.ai.orchestrator.workflow - INFO - Stage completed: _process_gate_workflow (38.13ms) request_id=bf40171978fa | event=stage_completed | stage=_process_gate_workflow | duration_ms=38.13
2026-08-08 18:30:34 - app.services.ai.orchestrator.workflow - INFO - Stage completed: _aggregate_results (0.00ms) request_id=bf40171978fa | event=stage_completed | stage=_aggregate_results | duration_ms=0.0
2026-08-08 18:30:34 - app.services.ai.orchestrator.execution_logger - INFO - Pipeline succeeded (2768.65ms) request_id=bf40171978fa | event=pipeline_completed
2026-08-08 18:30:34 - app.services.ai.orchestrator.orchestrator - INFO - Pipeline summary: total=2768.65ms stages={'_capture_frame': 0.0, '_detect_plates': 193.26, '_crop_plates': 0.04, '_recognize_plates': 649.31, '_recognize_faces': 1627.72, '_process_vehicle_fingerprint': 250.34, '_evaluate_decision': 0.49, '_persist_decision': 3.15, '_process_gate_workflow': 38.13, '_aggregate_results': 0.0} decision=GRANT recognized=1 errors=0 request_id=bf40171978fa | event=pipeline_summary | decision=GRANT
2026-08-08 18:30:34 - app.middleware.request_logging - INFO - Request completed: POST /api/v1/pipeline/process/upload -> 200 (2878.14ms) request_id=bf40171978fa | event=request_completed | duration_ms=2878.14
INFO:     127.0.0.1:57015 - "POST /api/v1/pipeline/process/upload?direction=exit HTTP/1.1" 200 OK
2026-08-08 18:30:42 - app.middleware.request_logging - INFO - Request started: POST /api/v1/pipeline/process/upload (client=127.0.0.1) request_id=4dca5023665b | event=request_start
2026-08-08 18:30:42 - app.services.ai.camera.storage_service - INFO - Storage directories ensured at C:\Users\HOP\Desktop\gatevison\gatevision-backend\uploads
2026-08-08 18:30:42 - app.services.ai.camera.storage_service - INFO - Storage directories ensured at C:\Users\HOP\Desktop\gatevison\gatevision-backend\uploads
2026-08-08 18:30:42 - app.services.ai.orchestrator.orchestrator - INFO - Pipeline AI services configured | event=pipeline_services | detection=DetectionService | ocr=OcrService | face=enabled(model_ready) | vehicle=enabled(model_ready) | decision=DecisionEngine | gate_workflow=WorkflowService
2026-08-08 18:30:42 - app.services.ai.orchestrator.execution_logger - INFO - Pipeline started request_id=4dca5023665b | event=pipeline_started
2026-08-08 18:30:42 - app.services.ai.orchestrator.workflow - INFO - Stage completed: _capture_frame (0.00ms) request_id=4dca5023665b | event=stage_completed | stage=_capture_frame | duration_ms=0.0
2026-08-08 18:30:42 - gatevision.detection - INFO - Detection started | source=unknown
2026-08-08 18:30:43 - app.services.ai.camera.storage_service - INFO - Image saved: C:\Users\HOP\Desktop\gatevison\gatevision-backend\uploads\plates\plate_0.856_582c940a.jpg
2026-08-08 18:30:43 - gatevision.detection - INFO - Detection completed | plates=1 | time_ms=264.41
2026-08-08 18:30:43 - app.services.ai.orchestrator.workflow - INFO - Stage completed: _detect_plates (268.01ms) request_id=4dca5023665b | event=stage_completed | stage=_detect_plates | duration_ms=268.01
2026-08-08 18:30:43 - app.services.ai.orchestrator.workflow - INFO - Stage completed: _crop_plates (0.07ms) request_id=4dca5023665b | event=stage_completed | stage=_crop_plates | duration_ms=0.07
2026-08-08 18:30:44 - app.services.ai.ocr.plate_reader - INFO - OCR inference | event=ocr_inference | crop_index=0 | input_size=181x105 | prepared_size=181x105 | results=2 | top='LAGOS' | elapsed_ms=819
2026-08-08 18:30:44 - app.services.ai.orchestrator.orchestrator - INFO - OCR result: 4dca5023665b request_id=4dca5023665b | event=ocr_crop_result | crop_index=0 | crop_size=181x105 | detector_conf=0.856 | text='KJA 987FT' | ocr_conf=0.769 | validation=valid
2026-08-08 18:30:44 - app.services.ai.orchestrator.workflow - INFO - Stage completed: _recognize_plates (822.29ms) request_id=4dca5023665b | event=stage_completed | stage=_recognize_plates | duration_ms=822.29
2026-08-08 18:30:44 - app.services.ai.face_recognition.recognition_logger - INFO - Face recognition started event=face_recognition_started
2026-08-08 18:30:44 - app.services.ai.face_recognition.recognition_logger - INFO - Faces detected: 1 event=face_detected
2026-08-08 18:30:44 - app.services.ai.face_recognition.recognition_logger - INFO - Face aligned event=face_aligned
2026-08-08 18:30:45 - app.services.ai.face_recognition.recognition_logger - INFO - Embedding extracted: dim=512 event=embedding_extracted
2026-08-08 18:30:45 - app.services.ai.face_recognition.recognition_logger - INFO - Face recognition completed event=face_recognition_completed
2026-08-08 18:30:45 - app.services.ai.orchestrator.workflow - INFO - Stage completed: _recognize_faces (1475.35ms) request_id=4dca5023665b | event=stage_completed | stage=_recognize_faces | duration_ms=1475.35
2026-08-08 18:30:45 - app.services.ai.orchestrator.workflow - INFO - Stage completed: _process_vehicle_fingerprint (317.35ms) request_id=4dca5023665b | event=stage_completed | stage=_process_vehicle_fingerprint | duration_ms=317.35
2026-08-08 18:30:45 - app.services.ai.orchestrator.workflow - INFO - Stage completed: _evaluate_decision (0.42ms) request_id=4dca5023665b | event=stage_completed | stage=_evaluate_decision | duration_ms=0.42
2026-08-08 18:30:45 - app.services.ai.orchestrator.workflow - INFO - Stage completed: _persist_decision (4.28ms) request_id=4dca5023665b | event=stage_completed | stage=_persist_decision | duration_ms=4.28
2026-08-08 18:30:45 - gate - INFO - ENTRY | vehicle=KJA987FT session=be964330-7a1f-44e8-98d3-4891f0133f58 txn=eca29d05-68f0-4691-aeb4-01e94150a854
2026-08-08 18:30:45 - app.services.ai.orchestrator.workflow - INFO - Stage completed: _process_gate_workflow (27.10ms) request_id=4dca5023665b | event=stage_completed | stage=_process_gate_workflow | duration_ms=27.1
2026-08-08 18:30:45 - app.services.ai.orchestrator.workflow - INFO - Stage completed: _aggregate_results (0.00ms) request_id=4dca5023665b | event=stage_completed | stage=_aggregate_results | duration_ms=0.0
2026-08-08 18:30:45 - app.services.ai.orchestrator.execution_logger - INFO - Pipeline succeeded (2921.89ms) request_id=4dca5023665b | event=pipeline_completed
2026-08-08 18:30:45 - app.services.ai.orchestrator.orchestrator - INFO - Pipeline summary: total=2921.89ms stages={'_capture_frame': 0.0, '_detect_plates': 268.01, '_crop_plates': 0.07, '_recognize_plates': 822.29, '_recognize_faces': 1475.35, '_process_vehicle_fingerprint': 317.35, '_evaluate_decision': 0.42, '_persist_decision': 4.28, '_process_gate_workflow': 27.1, '_aggregate_results': 0.0} decision=GRANT recognized=1 errors=0 request_id=4dca5023665b | event=pipeline_summary | decision=GRANT
2026-08-08 18:30:45 - app.middleware.request_logging - INFO - Request completed: POST /api/v1/pipeline/process/upload -> 200 (3029.78ms) request_id=4dca5023665b | event=request_completed | duration_ms=3029.78
INFO:     127.0.0.1:57023 - "POST /api/v1/pipeline/process/upload?direction=entry HTTP/1.1" 200 OK
2026-08-08 18:31:44 - app.middleware.request_logging - INFO - Request started: OPTIONS /api/v1/auth/login (client=127.0.0.1) request_id=55531de31bcb | event=request_start
2026-08-08 18:31:44 - app.middleware.request_logging - INFO - Request completed: OPTIONS /api/v1/auth/login -> 200 (1.99ms) request_id=55531de31bcb | event=request_completed | duration_ms=1.99
INFO:     127.0.0.1:57064 - "OPTIONS /api/v1/auth/login HTTP/1.1" 200 OK
2026-08-08 18:31:44 - app.middleware.request_logging - INFO - Request started: POST /api/v1/auth/login (client=127.0.0.1) request_id=ba8ee30eb5df | event=request_start
2026-08-08 18:31:44 - passlib.handlers.bcrypt - WARNING - (trapped) error reading bcrypt version
Traceback (most recent call last):
  File "C:\Users\HOP\Desktop\gatevison\gatevision-backend\venv\Lib\site-packages\passlib\handlers\bcrypt.py", line 620, in _load_backend_mixin
    version = _bcrypt.__about__.__version__
              ^^^^^^^^^^^^^^^^^
AttributeError: module 'bcrypt' has no attribute '__about__'
2026-08-08 18:31:44 - app.services.auth_service - INFO - User logged in: admin@gatevision.ai
2026-08-08 18:31:44 - app.middleware.request_logging - INFO - Request completed: POST /api/v1/auth/login -> 200 (387.58ms) request_id=ba8ee30eb5df | event=request_completed | duration_ms=387.58
INFO:     127.0.0.1:57064 - "POST /api/v1/auth/login HTTP/1.1" 200 OK
2026-08-08 18:31:45 - app.middleware.request_logging - INFO - Request started: OPTIONS /api/v1/recognition/history (client=127.0.0.1) request_id=590be89037e2 | event=request_start
2026-08-08 18:31:45 - app.middleware.request_logging - INFO - Request completed: OPTIONS /api/v1/recognition/history -> 200 (2.67ms) request_id=590be89037e2 | event=request_completed | duration_ms=2.67
INFO:     127.0.0.1:57064 - "OPTIONS /api/v1/recognition/history?page=1&page_size=20 HTTP/1.1" 200 OK
2026-08-08 18:31:45 - app.middleware.request_logging - INFO - Request started: GET /api/v1/recognition/history (client=127.0.0.1) request_id=7588e445fc32 | event=request_start
2026-08-08 18:31:45 - app.middleware.request_logging - INFO - Request completed: GET /api/v1/recognition/history -> 200 (78.64ms) request_id=7588e445fc32 | event=request_completed | duration_ms=78.64
INFO:     127.0.0.1:57064 - "GET /api/v1/recognition/history?page=1&page_size=20 HTTP/1.1" 200 OK
2026-08-08 18:32:15 - app.middleware.request_logging - INFO - Request started: OPTIONS /api/v1/pipeline/process/upload (client=127.0.0.1) request_id=218eb49b5ad9 | event=request_start
2026-08-08 18:32:15 - app.middleware.request_logging - INFO - Request completed: OPTIONS /api/v1/pipeline/process/upload -> 200 (2.76ms) request_id=218eb49b5ad9 | event=request_completed | duration_ms=2.76
INFO:     127.0.0.1:57067 - "OPTIONS /api/v1/pipeline/process/upload?direction=entry HTTP/1.1" 200 OK
2026-08-08 18:32:15 - app.middleware.request_logging - INFO - Request started: POST /api/v1/pipeline/process/upload (client=127.0.0.1) request_id=67f5d645070a | event=request_start
2026-08-08 18:32:15 - app.services.ai.camera.storage_service - INFO - Storage directories ensured at C:\Users\HOP\Desktop\gatevison\gatevision-backend\uploads
2026-08-08 18:32:15 - app.services.ai.camera.storage_service - INFO - Storage directories ensured at C:\Users\HOP\Desktop\gatevison\gatevision-backend\uploads
2026-08-08 18:32:15 - app.services.ai.orchestrator.orchestrator - INFO - Pipeline AI services configured | event=pipeline_services | detection=DetectionService | ocr=OcrService | face=enabled(model_ready) | vehicle=enabled(model_ready) | decision=DecisionEngine | gate_workflow=WorkflowService
2026-08-08 18:32:16 - app.services.ai.orchestrator.execution_logger - INFO - Pipeline started request_id=67f5d645070a | event=pipeline_started
2026-08-08 18:32:16 - app.services.ai.orchestrator.workflow - INFO - Stage completed: _capture_frame (0.00ms) request_id=67f5d645070a | event=stage_completed | stage=_capture_frame | duration_ms=0.0
2026-08-08 18:32:16 - gatevision.detection - INFO - Detection started | source=unknown
2026-08-08 18:32:16 - app.services.ai.camera.storage_service - INFO - Image saved: C:\Users\HOP\Desktop\gatevison\gatevision-backend\uploads\plates\plate_0.856_378ac1e7.jpg
2026-08-08 18:32:16 - gatevision.detection - INFO - Detection completed | plates=1 | time_ms=304.18
2026-08-08 18:32:16 - app.services.ai.orchestrator.workflow - INFO - Stage completed: _detect_plates (308.27ms) request_id=67f5d645070a | event=stage_completed | stage=_detect_plates | duration_ms=308.27
2026-08-08 18:32:16 - app.services.ai.orchestrator.workflow - INFO - Stage completed: _crop_plates (0.08ms) request_id=67f5d645070a | event=stage_completed | stage=_crop_plates | duration_ms=0.08
2026-08-08 18:32:17 - app.services.ai.ocr.plate_reader - INFO - OCR inference | event=ocr_inference | crop_index=0 | input_size=181x105 | prepared_size=181x105 | results=2 | top='LAGOS' | elapsed_ms=791
2026-08-08 18:32:17 - app.services.ai.orchestrator.orchestrator - INFO - OCR result: 67f5d645070a request_id=67f5d645070a | event=ocr_crop_result | crop_index=0 | crop_size=181x105 | detector_conf=0.856 | text='KJA 987FT' | ocr_conf=0.769 | validation=valid
2026-08-08 18:32:17 - app.services.ai.orchestrator.workflow - INFO - Stage completed: _recognize_plates (793.80ms) request_id=67f5d645070a | event=stage_completed | stage=_recognize_plates | duration_ms=793.8
2026-08-08 18:32:17 - app.services.ai.face_recognition.recognition_logger - INFO - Face recognition started event=face_recognition_started
2026-08-08 18:32:17 - app.services.ai.face_recognition.recognition_logger - INFO - Faces detected: 1 event=face_detected
2026-08-08 18:32:17 - app.services.ai.face_recognition.recognition_logger - INFO - Face aligned event=face_aligned
2026-08-08 18:32:18 - app.services.ai.face_recognition.recognition_logger - INFO - Embedding extracted: dim=512 event=embedding_extracted
2026-08-08 18:32:18 - app.services.ai.face_recognition.recognition_logger - INFO - Face recognition completed event=face_recognition_completed
2026-08-08 18:32:18 - app.services.ai.orchestrator.workflow - INFO - Stage completed: _recognize_faces (1372.55ms) request_id=67f5d645070a | event=stage_completed | stage=_recognize_faces | duration_ms=1372.55
2026-08-08 18:32:18 - app.services.ai.orchestrator.workflow - INFO - Stage completed: _process_vehicle_fingerprint (276.51ms) request_id=67f5d645070a | event=stage_completed | stage=_process_vehicle_fingerprint | duration_ms=276.51
2026-08-08 18:32:18 - app.services.ai.orchestrator.workflow - INFO - Stage completed: _evaluate_decision (0.39ms) request_id=67f5d645070a | event=stage_completed | stage=_evaluate_decision | duration_ms=0.39
2026-08-08 18:32:18 - app.services.ai.orchestrator.workflow - INFO - Stage completed: _persist_decision (3.99ms) request_id=67f5d645070a | event=stage_completed | stage=_persist_decision | duration_ms=3.99
2026-08-08 18:32:18 - gate - ERROR - GateError | op=entry_session | error=Vehicle 'KJA987FT' is already INSIDE. Duplicate entry rejected.
2026-08-08 18:32:18 - app.services.ai.orchestrator.workflow - INFO - Stage completed: _process_gate_workflow (5.80ms) request_id=67f5d645070a | event=stage_completed | stage=_process_gate_workflow | duration_ms=5.8
2026-08-08 18:32:18 - app.services.ai.orchestrator.workflow - INFO - Stage completed: _aggregate_results (0.00ms) request_id=67f5d645070a | event=stage_completed | stage=_aggregate_results | duration_ms=0.0
2026-08-08 18:32:18 - app.services.ai.orchestrator.execution_logger - INFO - Pipeline succeeded (2770.43ms) request_id=67f5d645070a | event=pipeline_completed
2026-08-08 18:32:18 - app.services.ai.orchestrator.orchestrator - INFO - Pipeline summary: total=2770.43ms stages={'_capture_frame': 0.0, '_detect_plates': 308.27, '_crop_plates': 0.08, '_recognize_plates': 793.8, '_recognize_faces': 1372.55, '_process_vehicle_fingerprint': 276.51, '_evaluate_decision': 0.39, '_persist_decision': 3.99, '_process_gate_workflow': 5.8, '_aggregate_results': 0.0} decision=GRANT recognized=1 errors=0 request_id=67f5d645070a | event=pipeline_summary | decision=GRANT
2026-08-08 18:32:18 - app.middleware.request_logging - INFO - Request completed: POST /api/v1/pipeline/process/upload -> 200 (2942.16ms) request_id=67f5d645070a | event=request_completed | duration_ms=2942.16
INFO:     127.0.0.1:57067 - "POST /api/v1/pipeline/process/upload?direction=entry HTTP/1.1" 200 OK
2026-08-08 18:32:18 - app.middleware.request_logging - INFO - Request started: GET /api/v1/recognition/history (client=127.0.0.1) request_id=44c6b9c77fd0 | event=request_start
2026-08-08 18:32:18 - app.middleware.request_logging - INFO - Request completed: GET /api/v1/recognition/history -> 200 (61.67ms) request_id=44c6b9c77fd0 | event=request_completed | duration_ms=61.67
INFO:     127.0.0.1:57067 - "GET /api/v1/recognition/history?page=1&page_size=20 HTTP/1.1" 200 OK
2026-08-08 18:32:45 - app.middleware.request_logging - INFO - Request started: OPTIONS /api/v1/auth/me (client=127.0.0.1) request_id=93460d216451 | event=request_start
2026-08-08 18:32:45 - app.middleware.request_logging - INFO - Request completed: OPTIONS /api/v1/auth/me -> 200 (0.87ms) request_id=93460d216451 | event=request_completed | duration_ms=0.87
INFO:     127.0.0.1:57108 - "OPTIONS /api/v1/auth/me HTTP/1.1" 200 OK
2026-08-08 18:32:45 - app.middleware.request_logging - INFO - Request started: GET /api/v1/auth/me (client=127.0.0.1) request_id=4de0450b498c | event=request_start
2026-08-08 18:32:45 - app.middleware.request_logging - INFO - Request completed: GET /api/v1/auth/me -> 200 (4.60ms) request_id=4de0450b498c | event=request_completed | duration_ms=4.6
INFO:     127.0.0.1:57108 - "GET /api/v1/auth/me HTTP/1.1" 200 OK
2026-08-08 18:33:45 - app.middleware.request_logging - INFO - Request started: GET /api/v1/auth/me (client=127.0.0.1) request_id=33c845330e59 | event=request_start
2026-08-08 18:33:45 - app.middleware.request_logging - INFO - Request completed: GET /api/v1/auth/me -> 200 (9.45ms) request_id=33c845330e59 | event=request_completed | duration_ms=9.45
INFO:     127.0.0.1:57109 - "GET /api/v1/auth/me HTTP/1.1" 200 OK
2026-08-08 18:34:47 - app.middleware.request_logging - INFO - Request started: GET /api/v1/auth/me (client=127.0.0.1) request_id=941e418bdebb | event=request_start
2026-08-08 18:34:47 - app.middleware.request_logging - INFO - Request completed: GET /api/v1/auth/me -> 200 (5.89ms) request_id=941e418bdebb | event=request_completed | duration_ms=5.89
INFO:     127.0.0.1:57220 - "GET /api/v1/auth/me HTTP/1.1" 200 OK
2026-08-08 18:35:37 - app.middleware.request_logging - INFO - Request started: GET /api/v1/auth/me (client=127.0.0.1) request_id=6bd78a9a2e72 | event=request_start
2026-08-08 18:35:37 - app.middleware.request_logging - INFO - Request completed: GET /api/v1/auth/me -> 200 (6.69ms) request_id=6bd78a9a2e72 | event=request_completed | duration_ms=6.69
INFO:     127.0.0.1:57221 - "GET /api/v1/auth/me HTTP/1.1" 200 OK
2026-08-08 18:35:37 - app.middleware.request_logging - INFO - Request started: GET /api/v1/auth/me (client=127.0.0.1) request_id=19eb823a4ece | event=request_start
2026-08-08 18:35:37 - app.middleware.request_logging - INFO - Request completed: GET /api/v1/auth/me -> 200 (7.36ms) request_id=19eb823a4ece | event=request_completed | duration_ms=7.36
INFO:     127.0.0.1:57221 - "GET /api/v1/auth/me HTTP/1.1" 200 OK
2026-08-08 18:35:40 - app.middleware.request_logging - INFO - Request started: GET /api/v1/recognition/history (client=127.0.0.1) request_id=b78a4df630ed | event=request_start
2026-08-08 18:35:40 - app.middleware.request_logging - INFO - Request completed: GET /api/v1/recognition/history -> 200 (69.34ms) request_id=b78a4df630ed | event=request_completed | duration_ms=69.34
INFO:     127.0.0.1:57221 - "GET /api/v1/recognition/history?page=1&page_size=20 HTTP/1.1" 200 OK
2026-08-08 18:35:51 - app.middleware.request_logging - INFO - Request started: GET /api/v1/recognition/history (client=127.0.0.1) request_id=72e7c19fb4ff | event=request_start
2026-08-08 18:35:51 - app.middleware.request_logging - INFO - Request completed: GET /api/v1/recognition/history -> 200 (71.73ms) request_id=72e7c19fb4ff | event=request_completed | duration_ms=71.73
INFO:     127.0.0.1:57270 - "GET /api/v1/recognition/history?page=1&page_size=20 HTTP/1.1" 200 OK
2026-08-08 18:35:59 - app.middleware.request_logging - INFO - Request started: GET /api/v1/auth/me (client=127.0.0.1) request_id=90b617dd1fad | event=request_start
2026-08-08 18:35:59 - app.middleware.request_logging - INFO - Request completed: GET /api/v1/auth/me -> 200 (5.94ms) request_id=90b617dd1fad | event=request_completed | duration_ms=5.94
INFO:     127.0.0.1:57271 - "GET /api/v1/auth/me HTTP/1.1" 200 OK
2026-08-08 18:35:59 - app.middleware.request_logging - INFO - Request started: GET /api/v1/auth/me (client=127.0.0.1) request_id=ecccb4938b79 | event=request_start
2026-08-08 18:35:59 - app.middleware.request_logging - INFO - Request completed: GET /api/v1/auth/me -> 200 (6.34ms) request_id=ecccb4938b79 | event=request_completed | duration_ms=6.34
INFO:     127.0.0.1:57271 - "GET /api/v1/auth/me HTTP/1.1" 200 OK
2026-08-08 18:36:01 - app.middleware.request_logging - INFO - Request started: GET /api/v1/recognition/history (client=127.0.0.1) request_id=6f1c90ab71c9 | event=request_start
2026-08-08 18:36:01 - app.middleware.request_logging - INFO - Request completed: GET /api/v1/recognition/history -> 200 (67.10ms) request_id=6f1c90ab71c9 | event=request_completed | duration_ms=67.1
INFO:     127.0.0.1:57271 - "GET /api/v1/recognition/history?page=1&page_size=20 HTTP/1.1" 200 OK
2026-08-08 18:36:07 - app.middleware.request_logging - INFO - Request started: GET /api/v1/auth/me (client=127.0.0.1) request_id=63d039b15ab8 | event=request_start
2026-08-08 18:36:07 - app.middleware.request_logging - INFO - Request completed: GET /api/v1/auth/me -> 200 (7.04ms) request_id=63d039b15ab8 | event=request_completed | duration_ms=7.04
INFO:     127.0.0.1:57282 - "GET /api/v1/auth/me HTTP/1.1" 200 OK
2026-08-08 18:36:07 - app.middleware.request_logging - INFO - Request started: GET /api/v1/auth/me (client=127.0.0.1) request_id=92728866b1c5 | event=request_start
2026-08-08 18:36:07 - app.middleware.request_logging - INFO - Request completed: GET /api/v1/auth/me -> 200 (5.45ms) request_id=92728866b1c5 | event=request_completed | duration_ms=5.45
INFO:     127.0.0.1:57282 - "GET /api/v1/auth/me HTTP/1.1" 200 OK
2026-08-08 18:36:09 - app.middleware.request_logging - INFO - Request started: GET /api/v1/recognition/history (client=127.0.0.1) request_id=ade9cc7bc190 | event=request_start
2026-08-08 18:36:09 - app.middleware.request_logging - INFO - Request completed: GET /api/v1/recognition/history -> 200 (71.32ms) request_id=ade9cc7bc190 | event=request_completed | duration_ms=71.32
INFO:     127.0.0.1:57282 - "GET /api/v1/recognition/history?page=1&page_size=20 HTTP/1.1" 200 OK
2026-08-08 18:36:24 - app.middleware.request_logging - INFO - Request started: GET /api/v1/recognition/history (client=127.0.0.1) request_id=f42ce5de6b35 | event=request_start
2026-08-08 18:36:24 - app.middleware.request_logging - INFO - Request completed: GET /api/v1/recognition/history -> 200 (68.93ms) request_id=f42ce5de6b35 | event=request_completed | duration_ms=68.93
INFO:     127.0.0.1:57303 - "GET /api/v1/recognition/history?page=1&page_size=20 HTTP/1.1" 200 OK
2026-08-08 18:36:38 - app.middleware.request_logging - INFO - Request started: GET /api/v1/recognition/history (client=127.0.0.1) request_id=ee73afed8eaa | event=request_start
2026-08-08 18:36:38 - app.middleware.request_logging - INFO - Request completed: GET /api/v1/recognition/history -> 200 (69.72ms) request_id=ee73afed8eaa | event=request_completed | duration_ms=69.72
INFO:     127.0.0.1:57305 - "GET /api/v1/recognition/history?page=1&page_size=20 HTTP/1.1" 200 OK
2026-08-08 18:37:09 - app.middleware.request_logging - INFO - Request started: GET /api/v1/auth/me (client=127.0.0.1) request_id=dcfae0fea281 | event=request_start
2026-08-08 18:37:09 - app.middleware.request_logging - INFO - Request completed: GET /api/v1/auth/me -> 200 (5.21ms) request_id=dcfae0fea281 | event=request_completed | duration_ms=5.21
INFO:     127.0.0.1:57344 - "GET /api/v1/auth/me HTTP/1.1" 200 OK
2026-08-08 18:37:14 - app.middleware.request_logging - INFO - Request started: GET /api/v1/recognition/history (client=127.0.0.1) request_id=edc6d7ba1b88 | event=request_start
2026-08-08 18:37:14 - app.middleware.request_logging - INFO - Request completed: GET /api/v1/recognition/history -> 200 (70.96ms) request_id=edc6d7ba1b88 | event=request_completed | duration_ms=70.96
INFO:     127.0.0.1:57344 - "GET /api/v1/recognition/history?page=1&page_size=20 HTTP/1.1" 200 OK
2026-08-08 18:38:09 - app.middleware.request_logging - INFO - Request started: GET /api/v1/auth/me (client=127.0.0.1) request_id=71bb1a2e9f89 | event=request_start
2026-08-08 18:38:09 - app.middleware.request_logging - INFO - Request completed: GET /api/v1/auth/me -> 200 (6.59ms) request_id=71bb1a2e9f89 | event=request_completed | duration_ms=6.59
INFO:     127.0.0.1:57345 - "GET /api/v1/auth/me HTTP/1.1" 200 OK
2026-08-08 18:39:09 - app.middleware.request_logging - INFO - Request started: GET /api/v1/auth/me (client=127.0.0.1) request_id=547ea311801f | event=request_start
2026-08-08 18:39:09 - app.middleware.request_logging - INFO - Request completed: GET /api/v1/auth/me -> 200 (5.51ms) request_id=547ea311801f | event=request_completed | duration_ms=5.51
INFO:     127.0.0.1:57422 - "GET /api/v1/auth/me HTTP/1.1" 200 OK
2026-08-08 18:40:09 - app.middleware.request_logging - INFO - Request started: GET /api/v1/auth/me (client=127.0.0.1) request_id=6760bf672d1e | event=request_start
2026-08-08 18:40:09 - app.middleware.request_logging - INFO - Request completed: GET /api/v1/auth/me -> 200 (5.77ms) request_id=6760bf672d1e | event=request_completed | duration_ms=5.77
INFO:     127.0.0.1:57423 - "GET /api/v1/auth/me HTTP/1.1" 200 OK
2026-08-08 18:41:09 - app.middleware.request_logging - INFO - Request started: GET /api/v1/auth/me (client=127.0.0.1) request_id=31c3ef7403c8 | event=request_start
2026-08-08 18:41:09 - app.middleware.request_logging - INFO - Request completed: GET /api/v1/auth/me -> 200 (5.82ms) request_id=31c3ef7403c8 | event=request_completed | duration_ms=5.82
INFO:     127.0.0.1:57496 - "GET /api/v1/auth/me HTTP/1.1" 200 OK
2026-08-08 18:42:09 - app.middleware.request_logging - INFO - Request started: GET /api/v1/auth/me (client=127.0.0.1) request_id=97b21e6a2c88 | event=request_start
2026-08-08 18:42:09 - app.middleware.request_logging - INFO - Request completed: GET /api/v1/auth/me -> 200 (6.09ms) request_id=97b21e6a2c88 | event=request_completed | duration_ms=6.09
INFO:     127.0.0.1:57497 - "GET /api/v1/auth/me HTTP/1.1" 200 OK
2026-08-08 18:43:09 - app.middleware.request_logging - INFO - Request started: OPTIONS /api/v1/auth/me (client=127.0.0.1) request_id=644969e521fc | event=request_start
2026-08-08 18:43:09 - app.middleware.request_logging - INFO - Request completed: OPTIONS /api/v1/auth/me -> 200 (2.15ms) request_id=644969e521fc | event=request_completed | duration_ms=2.15
INFO:     127.0.0.1:57580 - "OPTIONS /api/v1/auth/me HTTP/1.1" 200 OK
2026-08-08 18:43:09 - app.middleware.request_logging - INFO - Request started: GET /api/v1/auth/me (client=127.0.0.1) request_id=de93075a1864 | event=request_start
2026-08-08 18:43:09 - app.middleware.request_logging - INFO - Request completed: GET /api/v1/auth/me -> 200 (3.84ms) request_id=de93075a1864 | event=request_completed | duration_ms=3.84
INFO:     127.0.0.1:57580 - "GET /api/v1/auth/me HTTP/1.1" 200 OK
2026-08-08 18:44:09 - app.middleware.request_logging - INFO - Request started: GET /api/v1/auth/me (client=127.0.0.1) request_id=fa2ccfa14528 | event=request_start
2026-08-08 18:44:09 - app.middleware.request_logging - INFO - Request completed: GET /api/v1/auth/me -> 200 (4.54ms) request_id=fa2ccfa14528 | event=request_completed | duration_ms=4.54
INFO:     127.0.0.1:57581 - "GET /api/v1/auth/me HTTP/1.1" 200 OK
2026-08-08 18:45:08 - app.middleware.request_logging - INFO - Request started: GET /api/v1/auth/me (client=127.0.0.1) request_id=c9624a966529 | event=request_start
2026-08-08 18:45:08 - app.middleware.request_logging - INFO - Request completed: GET /api/v1/auth/me -> 200 (4.33ms) request_id=c9624a966529 | event=request_completed | duration_ms=4.33
INFO:     127.0.0.1:57657 - "GET /api/v1/auth/me HTTP/1.1" 200 OK
2026-08-08 18:46:09 - app.middleware.request_logging - INFO - Request started: GET /api/v1/auth/me (client=127.0.0.1) request_id=398b7a72fa30 | event=request_start
2026-08-08 18:46:09 - app.middleware.request_logging - INFO - Request completed: GET /api/v1/auth/me -> 200 (5.27ms) request_id=398b7a72fa30 | event=request_completed | duration_ms=5.27
INFO:     127.0.0.1:57699 - "GET /api/v1/auth/me HTTP/1.1" 200 OK
2026-08-08 18:47:09 - app.middleware.request_logging - INFO - Request started: GET /api/v1/auth/me (client=127.0.0.1) request_id=70194a4a173d | event=request_start
2026-08-08 18:47:09 - app.middleware.request_logging - INFO - Request completed: GET /api/v1/auth/me -> 200 (6.61ms) request_id=70194a4a173d | event=request_completed | duration_ms=6.61
INFO:     127.0.0.1:57700 - "GET /api/v1/auth/me HTTP/1.1" 200 OK
2026-08-08 18:48:09 - app.middleware.request_logging - INFO - Request started: GET /api/v1/auth/me (client=127.0.0.1) request_id=5f56c0c37d79 | event=request_start
2026-08-08 18:48:09 - app.middleware.request_logging - INFO - Request completed: GET /api/v1/auth/me -> 200 (8.97ms) request_id=5f56c0c37d79 | event=request_completed | duration_ms=8.97
INFO:     127.0.0.1:57771 - "GET /api/v1/auth/me HTTP/1.1" 200 OK
2026-08-08 18:49:09 - app.middleware.request_logging - INFO - Request started: GET /api/v1/auth/me (client=127.0.0.1) request_id=a8747499495a | event=request_start
2026-08-08 18:49:09 - app.middleware.request_logging - INFO - Request completed: GET /api/v1/auth/me -> 200 (5.27ms) request_id=a8747499495a | event=request_completed | duration_ms=5.27
INFO:     127.0.0.1:57772 - "GET /api/v1/auth/me HTTP/1.1" 200 OK
2026-08-08 18:50:09 - app.middleware.request_logging - INFO - Request started: GET /api/v1/auth/me (client=127.0.0.1) request_id=8d1aeb3b7737 | event=request_start
2026-08-08 18:50:09 - app.middleware.request_logging - INFO - Request completed: GET /api/v1/auth/me -> 200 (5.01ms) request_id=8d1aeb3b7737 | event=request_completed | duration_ms=5.01
INFO:     127.0.0.1:57923 - "GET /api/v1/auth/me HTTP/1.1" 200 OK
2026-08-08 18:51:09 - app.middleware.request_logging - INFO - Request started: GET /api/v1/auth/me (client=127.0.0.1) request_id=bf55c7d741d8 | event=request_start
2026-08-08 18:51:09 - app.middleware.request_logging - INFO - Request completed: GET /api/v1/auth/me -> 200 (5.05ms) request_id=bf55c7d741d8 | event=request_completed | duration_ms=5.05
INFO:     127.0.0.1:57924 - "GET /api/v1/auth/me HTTP/1.1" 200 OK
2026-08-08 18:52:09 - app.middleware.request_logging - INFO - Request started: GET /api/v1/auth/me (client=127.0.0.1) request_id=d6325266a3b5 | event=request_start
2026-08-08 18:52:09 - app.middleware.request_logging - INFO - Request completed: GET /api/v1/auth/me -> 200 (4.55ms) request_id=d6325266a3b5 | event=request_completed | duration_ms=4.55
INFO:     127.0.0.1:57996 - "GET /api/v1/auth/me HTTP/1.1" 200 OK
2026-08-08 18:53:09 - app.middleware.request_logging - INFO - Request started: GET /api/v1/auth/me (client=127.0.0.1) request_id=13ccc065c3af | event=request_start
2026-08-08 18:53:09 - app.middleware.request_logging - INFO - Request completed: GET /api/v1/auth/me -> 200 (7.67ms) request_id=13ccc065c3af | event=request_completed | duration_ms=7.67
INFO:     127.0.0.1:57998 - "GET /api/v1/auth/me HTTP/1.1" 200 OK
2026-08-08 18:54:09 - app.middleware.request_logging - INFO - Request started: OPTIONS /api/v1/auth/me (client=127.0.0.1) request_id=5c6046c671ea | event=request_start
2026-08-08 18:54:09 - app.middleware.request_logging - INFO - Request completed: OPTIONS /api/v1/auth/me -> 200 (1.02ms) request_id=5c6046c671ea | event=request_completed | duration_ms=1.02
INFO:     127.0.0.1:58071 - "OPTIONS /api/v1/auth/me HTTP/1.1" 200 OK
2026-08-08 18:54:09 - app.middleware.request_logging - INFO - Request started: GET /api/v1/auth/me (client=127.0.0.1) request_id=d795bde06b82 | event=request_start
2026-08-08 18:54:09 - app.middleware.request_logging - INFO - Request completed: GET /api/v1/auth/me -> 200 (3.90ms) request_id=d795bde06b82 | event=request_completed | duration_ms=3.9
INFO:     127.0.0.1:58071 - "GET /api/v1/auth/me HTTP/1.1" 200 OK
2026-08-08 18:55:09 - app.middleware.request_logging - INFO - Request started: GET /api/v1/auth/me (client=127.0.0.1) request_id=267e086f07df | event=request_start
2026-08-08 18:55:09 - app.middleware.request_logging - INFO - Request completed: GET /api/v1/auth/me -> 200 (4.92ms) request_id=267e086f07df | event=request_completed | duration_ms=4.92
INFO:     127.0.0.1:58072 - "GET /api/v1/auth/me HTTP/1.1" 200 OK
2026-08-08 18:56:09 - app.middleware.request_logging - INFO - Request started: GET /api/v1/auth/me (client=127.0.0.1) request_id=6e63d8287818 | event=request_start
2026-08-08 18:56:09 - app.middleware.request_logging - INFO - Request completed: GET /api/v1/auth/me -> 200 (5.13ms) request_id=6e63d8287818 | event=request_completed | duration_ms=5.13
INFO:     127.0.0.1:58145 - "GET /api/v1/auth/me HTTP/1.1" 200 OK
2026-08-08 18:57:09 - app.middleware.request_logging - INFO - Request started: GET /api/v1/auth/me (client=127.0.0.1) request_id=c295ea5640c5 | event=request_start
2026-08-08 18:57:09 - app.middleware.request_logging - INFO - Request completed: GET /api/v1/auth/me -> 200 (5.11ms) request_id=c295ea5640c5 | event=request_completed | duration_ms=5.11
INFO:     127.0.0.1:58146 - "GET /api/v1/auth/me HTTP/1.1" 200 OK
2026-08-08 18:58:09 - app.middleware.request_logging - INFO - Request started: GET /api/v1/auth/me (client=127.0.0.1) request_id=c84cc1be2aa8 | event=request_start
2026-08-08 18:58:09 - app.middleware.request_logging - INFO - Request completed: GET /api/v1/auth/me -> 200 (4.49ms) request_id=c84cc1be2aa8 | event=request_completed | duration_ms=4.49
INFO:     127.0.0.1:58215 - "GET /api/v1/auth/me HTTP/1.1" 200 OK
2026-08-08 18:59:09 - app.middleware.request_logging - INFO - Request started: GET /api/v1/auth/me (client=127.0.0.1) request_id=e60f227ecd87 | event=request_start
2026-08-08 18:59:09 - app.middleware.request_logging - INFO - Request completed: GET /api/v1/auth/me -> 200 (5.30ms) request_id=e60f227ecd87 | event=request_completed | duration_ms=5.3
INFO:     127.0.0.1:58216 - "GET /api/v1/auth/me HTTP/1.1" 200 OK
2026-08-08 19:00:09 - app.middleware.request_logging - INFO - Request started: GET /api/v1/auth/me (client=127.0.0.1) request_id=290f298cfb67 | event=request_start
2026-08-08 19:00:09 - app.middleware.request_logging - INFO - Request completed: GET /api/v1/auth/me -> 200 (5.20ms) request_id=290f298cfb67 | event=request_completed | duration_ms=5.2
INFO:     127.0.0.1:58296 - "GET /api/v1/auth/me HTTP/1.1" 200 OK
2026-08-08 19:01:09 - app.middleware.request_logging - INFO - Request started: GET /api/v1/auth/me (client=127.0.0.1) request_id=65fe2500a47a | event=request_start
2026-08-08 19:01:09 - app.middleware.request_logging - INFO - Request completed: GET /api/v1/auth/me -> 200 (6.78ms) request_id=65fe2500a47a | event=request_completed | duration_ms=6.78
INFO:     127.0.0.1:58298 - "GET /api/v1/auth/me HTTP/1.1" 200 OK
2026-08-08 19:02:09 - app.middleware.request_logging - INFO - Request started: GET /api/v1/auth/me (client=127.0.0.1) request_id=6c46b19cc500 | event=request_start
2026-08-08 19:02:09 - app.middleware.request_logging - INFO - Request completed: GET /api/v1/auth/me -> 200 (5.38ms) request_id=6c46b19cc500 | event=request_completed | duration_ms=5.38
INFO:     127.0.0.1:58372 - "GET /api/v1/auth/me HTTP/1.1" 200 OK
2026-08-08 19:03:09 - app.middleware.request_logging - INFO - Request started: GET /api/v1/auth/me (client=127.0.0.1) request_id=50c6941e8e52 | event=request_start
2026-08-08 19:03:09 - app.middleware.request_logging - INFO - Request completed: GET /api/v1/auth/me -> 200 (5.30ms) request_id=50c6941e8e52 | event=request_completed | duration_ms=5.3
INFO:     127.0.0.1:58373 - "GET /api/v1/auth/me HTTP/1.1" 200 OK
2026-08-08 19:04:37 - app.middleware.request_logging - INFO - Request started: OPTIONS /api/v1/auth/me (client=127.0.0.1) request_id=26c35af78465 | event=request_start
2026-08-08 19:04:37 - app.middleware.request_logging - INFO - Request completed: OPTIONS /api/v1/auth/me -> 200 (2.02ms) request_id=26c35af78465 | event=request_completed | duration_ms=2.02
INFO:     127.0.0.1:58463 - "OPTIONS /api/v1/auth/me HTTP/1.1" 200 OK
2026-08-08 19:04:37 - app.middleware.request_logging - INFO - Request started: GET /api/v1/auth/me (client=127.0.0.1) request_id=636c1bab0839 | event=request_start
2026-08-08 19:04:37 - app.middleware.request_logging - INFO - Request completed: GET /api/v1/auth/me -> 200 (3.49ms) request_id=636c1bab0839 | event=request_completed | duration_ms=3.49
INFO:     127.0.0.1:58463 - "GET /api/v1/auth/me HTTP/1.1" 200 OK
2026-08-08 19:05:38 - app.middleware.request_logging - INFO - Request started: GET /api/v1/auth/me (client=127.0.0.1) request_id=a7eeebf5fc16 | event=request_start
2026-08-08 19:05:38 - app.middleware.request_logging - INFO - Request completed: GET /api/v1/auth/me -> 200 (4.45ms) request_id=a7eeebf5fc16 | event=request_completed | duration_ms=4.45
INFO:     127.0.0.1:58500 - "GET /api/v1/auth/me HTTP/1.1" 200 OK
2026-08-08 19:06:39 - app.middleware.request_logging - INFO - Request started: GET /api/v1/auth/me (client=127.0.0.1) request_id=0e109043ec4e | event=request_start
2026-08-08 19:06:39 - app.middleware.request_logging - INFO - Request completed: GET /api/v1/auth/me -> 200 (5.43ms) request_id=0e109043ec4e | event=request_completed | duration_ms=5.43
INFO:     127.0.0.1:58538 - "GET /api/v1/auth/me HTTP/1.1" 200 OK
2026-08-08 19:07:40 - app.middleware.request_logging - INFO - Request started: GET /api/v1/auth/me (client=127.0.0.1) request_id=8674b408ed75 | event=request_start
2026-08-08 19:07:40 - app.middleware.request_logging - INFO - Request completed: GET /api/v1/auth/me -> 200 (4.61ms) request_id=8674b408ed75 | event=request_completed | duration_ms=4.61
INFO:     127.0.0.1:58578 - "GET /api/v1/auth/me HTTP/1.1" 200 OK
2026-08-08 19:08:41 - app.middleware.request_logging - INFO - Request started: GET /api/v1/auth/me (client=127.0.0.1) request_id=e64d7058a5e9 | event=request_start
2026-08-08 19:08:41 - app.middleware.request_logging - INFO - Request completed: GET /api/v1/auth/me -> 200 (5.83ms) request_id=e64d7058a5e9 | event=request_completed | duration_ms=5.83
INFO:     127.0.0.1:58615 - "GET /api/v1/auth/me HTTP/1.1" 200 OK
2026-08-08 19:09:41 - app.middleware.request_logging - INFO - Request started: GET /api/v1/auth/me (client=127.0.0.1) request_id=954685dd5abe | event=request_start
2026-08-08 19:09:41 - app.middleware.request_logging - INFO - Request completed: GET /api/v1/auth/me -> 200 (6.14ms) request_id=954685dd5abe | event=request_completed | duration_ms=6.14
INFO:     127.0.0.1:58617 - "GET /api/v1/auth/me HTTP/1.1" 200 OK
2026-08-08 19:10:41 - app.middleware.request_logging - INFO - Request started: GET /api/v1/auth/me (client=127.0.0.1) request_id=4357b8436979 | event=request_start
2026-08-08 19:10:41 - app.middleware.request_logging - INFO - Request completed: GET /api/v1/auth/me -> 200 (4.76ms) request_id=4357b8436979 | event=request_completed | duration_ms=4.76
INFO:     127.0.0.1:58690 - "GET /api/v1/auth/me HTTP/1.1" 200 OK
2026-08-08 19:11:41 - app.middleware.request_logging - INFO - Request started: GET /api/v1/auth/me (client=127.0.0.1) request_id=4c9ce7e4c98e | event=request_start
2026-08-08 19:11:41 - app.middleware.request_logging - INFO - Request completed: GET /api/v1/auth/me -> 200 (6.67ms) request_id=4c9ce7e4c98e | event=request_completed | duration_ms=6.67
INFO:     127.0.0.1:58691 - "GET /api/v1/auth/me HTTP/1.1" 200 OK
2026-08-08 19:12:09 - app.middleware.request_logging - INFO - Request started: GET /api/v1/auth/me (client=127.0.0.1) request_id=8cdc53749e86 | event=request_start
2026-08-08 19:12:09 - app.middleware.request_logging - INFO - Request completed: GET /api/v1/auth/me -> 200 (4.62ms) request_id=8cdc53749e86 | event=request_completed | duration_ms=4.62
INFO:     127.0.0.1:58745 - "GET /api/v1/auth/me HTTP/1.1" 200 OK
2026-08-08 19:13:09 - app.middleware.request_logging - INFO - Request started: GET /api/v1/auth/me (client=127.0.0.1) request_id=9be01bda5143 | event=request_start
2026-08-08 19:13:09 - app.middleware.request_logging - INFO - Request completed: GET /api/v1/auth/me -> 200 (6.41ms) request_id=9be01bda5143 | event=request_completed | duration_ms=6.41
INFO:     127.0.0.1:58746 - "GET /api/v1/auth/me HTTP/1.1" 200 OK
2026-08-08 19:14:09 - app.middleware.request_logging - INFO - Request started: GET /api/v1/auth/me (client=127.0.0.1) request_id=1e799253c467 | event=request_start
2026-08-08 19:14:09 - app.middleware.request_logging - INFO - Request completed: GET /api/v1/auth/me -> 200 (4.76ms) request_id=1e799253c467 | event=request_completed | duration_ms=4.76
INFO:     127.0.0.1:58818 - "GET /api/v1/auth/me HTTP/1.1" 200 OK
2026-08-08 19:15:09 - app.middleware.request_logging - INFO - Request started: OPTIONS /api/v1/auth/me (client=127.0.0.1) request_id=8a15698bcb2d | event=request_start
2026-08-08 19:15:09 - app.middleware.request_logging - INFO - Request completed: OPTIONS /api/v1/auth/me -> 200 (2.39ms) request_id=8a15698bcb2d | event=request_completed | duration_ms=2.39
INFO:     127.0.0.1:58819 - "OPTIONS /api/v1/auth/me HTTP/1.1" 200 OK
2026-08-08 19:15:09 - app.middleware.request_logging - INFO - Request started: GET /api/v1/auth/me (client=127.0.0.1) request_id=cc9d7d2fae5b | event=request_start
2026-08-08 19:15:09 - app.middleware.request_logging - INFO - Request completed: GET /api/v1/auth/me -> 200 (4.25ms) request_id=cc9d7d2fae5b | event=request_completed | duration_ms=4.25
INFO:     127.0.0.1:58819 - "GET /api/v1/auth/me HTTP/1.1" 200 OK
2026-08-08 19:16:09 - app.middleware.request_logging - INFO - Request started: GET /api/v1/auth/me (client=127.0.0.1) request_id=4ca784a2b9ad | event=request_start
2026-08-08 19:16:09 - app.middleware.request_logging - INFO - Request completed: GET /api/v1/auth/me -> 200 (4.37ms) request_id=4ca784a2b9ad | event=request_completed | duration_ms=4.37
INFO:     127.0.0.1:58892 - "GET /api/v1/auth/me HTTP/1.1" 200 OK
2026-08-08 19:17:09 - app.middleware.request_logging - INFO - Request started: GET /api/v1/auth/me (client=127.0.0.1) request_id=55141fd00474 | event=request_start
2026-08-08 19:17:09 - app.middleware.request_logging - INFO - Request completed: GET /api/v1/auth/me -> 200 (8.41ms) request_id=55141fd00474 | event=request_completed | duration_ms=8.41
INFO:     127.0.0.1:58893 - "GET /api/v1/auth/me HTTP/1.1" 200 OK
2026-08-08 19:18:08 - app.middleware.request_logging - INFO - Request started: GET /api/v1/auth/me (client=127.0.0.1) request_id=e66396e4fd34 | event=request_start
2026-08-08 19:18:08 - app.middleware.request_logging - INFO - Request completed: GET /api/v1/auth/me -> 200 (8.22ms) request_id=e66396e4fd34 | event=request_completed | duration_ms=8.22
INFO:     127.0.0.1:58966 - "GET /api/v1/auth/me HTTP/1.1" 200 OK
2026-08-08 19:19:08 - app.middleware.request_logging - INFO - Request started: GET /api/v1/auth/me (client=127.0.0.1) request_id=f2899f733765 | event=request_start
2026-08-08 19:19:08 - app.middleware.request_logging - INFO - Request completed: GET /api/v1/auth/me -> 200 (5.68ms) request_id=f2899f733765 | event=request_completed | duration_ms=5.68
INFO:     127.0.0.1:58967 - "GET /api/v1/auth/me HTTP/1.1" 200 OK
2026-08-08 19:20:08 - app.middleware.request_logging - INFO - Request started: GET /api/v1/auth/me (client=127.0.0.1) request_id=9e25198e5570 | event=request_start
2026-08-08 19:20:08 - app.middleware.request_logging - INFO - Request completed: GET /api/v1/auth/me -> 200 (5.21ms) request_id=9e25198e5570 | event=request_completed | duration_ms=5.21
INFO:     127.0.0.1:59037 - "GET /api/v1/auth/me HTTP/1.1" 200 OK
2026-08-08 19:21:08 - app.middleware.request_logging - INFO - Request started: GET /api/v1/auth/me (client=127.0.0.1) request_id=8501e8a8aaf2 | event=request_start
2026-08-08 19:21:08 - app.middleware.request_logging - INFO - Request completed: GET /api/v1/auth/me -> 200 (4.47ms) request_id=8501e8a8aaf2 | event=request_completed | duration_ms=4.47
INFO:     127.0.0.1:59038 - "GET /api/v1/auth/me HTTP/1.1" 200 OK
2026-08-08 19:22:08 - app.middleware.request_logging - INFO - Request started: GET /api/v1/auth/me (client=127.0.0.1) request_id=81af6a617b14 | event=request_start
2026-08-08 19:22:08 - app.middleware.request_logging - INFO - Request completed: GET /api/v1/auth/me -> 200 (4.97ms) request_id=81af6a617b14 | event=request_completed | duration_ms=4.97
INFO:     127.0.0.1:59108 - "GET /api/v1/auth/me HTTP/1.1" 200 OK
2026-08-08 19:23:08 - app.middleware.request_logging - INFO - Request started: GET /api/v1/auth/me (client=127.0.0.1) request_id=bd571445f463 | event=request_start
2026-08-08 19:23:08 - app.middleware.request_logging - INFO - Request completed: GET /api/v1/auth/me -> 200 (5.00ms) request_id=bd571445f463 | event=request_completed | duration_ms=5.0
INFO:     127.0.0.1:59109 - "GET /api/v1/auth/me HTTP/1.1" 200 OK
2026-08-08 19:24:08 - app.middleware.request_logging - INFO - Request started: GET /api/v1/auth/me (client=127.0.0.1) request_id=70ad278d4203 | event=request_start
2026-08-08 19:24:08 - app.middleware.request_logging - INFO - Request completed: GET /api/v1/auth/me -> 200 (6.32ms) request_id=70ad278d4203 | event=request_completed | duration_ms=6.32
INFO:     127.0.0.1:59181 - "GET /api/v1/auth/me HTTP/1.1" 200 OK
2026-08-08 19:25:08 - app.middleware.request_logging - INFO - Request started: GET /api/v1/auth/me (client=127.0.0.1) request_id=88260a2689a1 | event=request_start
2026-08-08 19:25:08 - app.middleware.request_logging - INFO - Request completed: GET /api/v1/auth/me -> 200 (4.50ms) request_id=88260a2689a1 | event=request_completed | duration_ms=4.5
INFO:     127.0.0.1:59182 - "GET /api/v1/auth/me HTTP/1.1" 200 OK
2026-08-08 19:26:08 - app.middleware.request_logging - INFO - Request started: OPTIONS /api/v1/auth/me (client=127.0.0.1) request_id=188cff36ebaf | event=request_start
2026-08-08 19:26:08 - app.middleware.request_logging - INFO - Request completed: OPTIONS /api/v1/auth/me -> 200 (2.20ms) request_id=188cff36ebaf | event=request_completed | duration_ms=2.2
INFO:     127.0.0.1:59253 - "OPTIONS /api/v1/auth/me HTTP/1.1" 200 OK
2026-08-08 19:26:08 - app.middleware.request_logging - INFO - Request started: GET /api/v1/auth/me (client=127.0.0.1) request_id=439978c635ed | event=request_start
2026-08-08 19:26:08 - app.middleware.request_logging - INFO - Request completed: GET /api/v1/auth/me -> 200 (4.51ms) request_id=439978c635ed | event=request_completed | duration_ms=4.51
INFO:     127.0.0.1:59253 - "GET /api/v1/auth/me HTTP/1.1" 200 OK
2026-08-08 19:27:08 - app.middleware.request_logging - INFO - Request started: GET /api/v1/auth/me (client=127.0.0.1) request_id=b8415e55f049 | event=request_start
2026-08-08 19:27:08 - app.middleware.request_logging - INFO - Request completed: GET /api/v1/auth/me -> 200 (4.63ms) request_id=b8415e55f049 | event=request_completed | duration_ms=4.63
INFO:     127.0.0.1:59254 - "GET /api/v1/auth/me HTTP/1.1" 200 OK
2026-08-08 19:28:08 - app.middleware.request_logging - INFO - Request started: GET /api/v1/auth/me (client=127.0.0.1) request_id=0107f93d2559 | event=request_start
2026-08-08 19:28:08 - app.middleware.request_logging - INFO - Request completed: GET /api/v1/auth/me -> 200 (5.83ms) request_id=0107f93d2559 | event=request_completed | duration_ms=5.83
INFO:     127.0.0.1:59323 - "GET /api/v1/auth/me HTTP/1.1" 200 OK
2026-08-08 19:29:08 - app.middleware.request_logging - INFO - Request started: GET /api/v1/auth/me (client=127.0.0.1) request_id=ccbf89c1073d | event=request_start
2026-08-08 19:29:08 - app.middleware.request_logging - INFO - Request completed: GET /api/v1/auth/me -> 200 (4.99ms) request_id=ccbf89c1073d | event=request_completed | duration_ms=4.99
INFO:     127.0.0.1:59325 - "GET /api/v1/auth/me HTTP/1.1" 200 OK
2026-08-08 19:30:08 - app.middleware.request_logging - INFO - Request started: GET /api/v1/auth/me (client=127.0.0.1) request_id=1ba12ffd8b97 | event=request_start
2026-08-08 19:30:08 - app.middleware.request_logging - INFO - Request completed: GET /api/v1/auth/me -> 200 (4.27ms) request_id=1ba12ffd8b97 | event=request_completed | duration_ms=4.27
INFO:     127.0.0.1:59397 - "GET /api/v1/auth/me HTTP/1.1" 200 OK
2026-08-08 19:31:08 - app.middleware.request_logging - INFO - Request started: GET /api/v1/auth/me (client=127.0.0.1) request_id=250c43e489a1 | event=request_start
2026-08-08 19:31:08 - app.middleware.request_logging - INFO - Request completed: GET /api/v1/auth/me -> 200 (5.75ms) request_id=250c43e489a1 | event=request_completed | duration_ms=5.75
INFO:     127.0.0.1:59398 - "GET /api/v1/auth/me HTTP/1.1" 200 OK
2026-08-08 19:32:08 - app.middleware.request_logging - INFO - Request started: GET /api/v1/auth/me (client=127.0.0.1) request_id=b6f557a42fda | event=request_start
2026-08-08 19:32:08 - app.middleware.request_logging - INFO - Request completed: GET /api/v1/auth/me -> 401 (2.80ms) request_id=b6f557a42fda | event=request_completed | duration_ms=2.8
INFO:     127.0.0.1:59474 - "GET /api/v1/auth/me HTTP/1.1" 401 Unauthorized
2026-08-08 19:32:08 - app.middleware.request_logging - INFO - Request started: OPTIONS /api/v1/auth/refresh (client=127.0.0.1) request_id=b976aedfe4eb | event=request_start
2026-08-08 19:32:08 - app.middleware.request_logging - INFO - Request completed: OPTIONS /api/v1/auth/refresh -> 200 (0.92ms) request_id=b976aedfe4eb | event=request_completed | duration_ms=0.92
INFO:     127.0.0.1:59474 - "OPTIONS /api/v1/auth/refresh HTTP/1.1" 200 OK
2026-08-08 19:32:08 - app.middleware.request_logging - INFO - Request started: POST /api/v1/auth/refresh (client=127.0.0.1) request_id=4d7520810ecf | event=request_start
2026-08-08 19:32:08 - app.middleware.request_logging - INFO - Request completed: POST /api/v1/auth/refresh -> 200 (9.09ms) request_id=4d7520810ecf | event=request_completed | duration_ms=9.09
INFO:     127.0.0.1:59474 - "POST /api/v1/auth/refresh HTTP/1.1" 200 OK
2026-08-08 19:32:08 - app.middleware.request_logging - INFO - Request started: GET /api/v1/auth/me (client=127.0.0.1) request_id=c726d13efb5f | event=request_start
2026-08-08 19:32:08 - app.middleware.request_logging - INFO - Request completed: GET /api/v1/auth/me -> 200 (6.04ms) request_id=c726d13efb5f | event=request_completed | duration_ms=6.04
INFO:     127.0.0.1:59474 - "GET /api/v1/auth/me HTTP/1.1" 200 OK
2026-08-08 19:33:08 - app.middleware.request_logging - INFO - Request started: GET /api/v1/auth/me (client=127.0.0.1) request_id=23afa3d823b6 | event=request_start
2026-08-08 19:33:08 - app.middleware.request_logging - INFO - Request completed: GET /api/v1/auth/me -> 200 (5.19ms) request_id=23afa3d823b6 | event=request_completed | duration_ms=5.19
INFO:     127.0.0.1:59476 - "GET /api/v1/auth/me HTTP/1.1" 200 OK
2026-08-08 19:34:08 - app.middleware.request_logging - INFO - Request started: GET /api/v1/auth/me (client=127.0.0.1) request_id=872f96a49a21 | event=request_start
2026-08-08 19:34:08 - app.middleware.request_logging - INFO - Request completed: GET /api/v1/auth/me -> 200 (4.51ms) request_id=872f96a49a21 | event=request_completed | duration_ms=4.51
INFO:     127.0.0.1:59550 - "GET /api/v1/auth/me HTTP/1.1" 200 OK
2026-08-08 19:35:03 - app.middleware.request_logging - INFO - Request started: GET /api/v1/auth/me (client=127.0.0.1) request_id=fae49a42ef03 | event=request_start
2026-08-08 19:35:03 - app.middleware.request_logging - INFO - Request completed: GET /api/v1/auth/me -> 200 (10.40ms) request_id=fae49a42ef03 | event=request_completed | duration_ms=10.4
INFO:     127.0.0.1:59551 - "GET /api/v1/auth/me HTTP/1.1" 200 OK
2026-08-08 19:35:03 - app.middleware.request_logging - INFO - Request started: GET /api/v1/auth/me (client=127.0.0.1) request_id=6a211099a92a | event=request_start
2026-08-08 19:35:03 - app.middleware.request_logging - INFO - Request completed: GET /api/v1/auth/me -> 200 (5.06ms) request_id=6a211099a92a | event=request_completed | duration_ms=5.06
INFO:     127.0.0.1:59551 - "GET /api/v1/auth/me HTTP/1.1" 200 OK
2026-08-08 19:35:04 - app.middleware.request_logging - INFO - Request started: OPTIONS /api/v1/recognition/history (client=127.0.0.1) request_id=9ab43311fa4a | event=request_start
2026-08-08 19:35:04 - app.middleware.request_logging - INFO - Request completed: OPTIONS /api/v1/recognition/history -> 200 (2.78ms) request_id=9ab43311fa4a | event=request_completed | duration_ms=2.78
INFO:     127.0.0.1:59551 - "OPTIONS /api/v1/recognition/history?page=1&page_size=20 HTTP/1.1" 200 OK
2026-08-08 19:35:04 - app.middleware.request_logging - INFO - Request started: GET /api/v1/recognition/history (client=127.0.0.1) request_id=b3987e33e337 | event=request_start
2026-08-08 19:35:04 - app.middleware.request_logging - INFO - Request completed: GET /api/v1/recognition/history -> 200 (102.60ms) request_id=b3987e33e337 | event=request_completed | duration_ms=102.6
INFO:     127.0.0.1:59551 - "GET /api/v1/recognition/history?page=1&page_size=20 HTTP/1.1" 200 OK
2026-08-08 19:35:13 - app.middleware.request_logging - INFO - Request started: OPTIONS /api/v1/pipeline/process/upload (client=127.0.0.1) request_id=dc0c7590f9cf | event=request_start
2026-08-08 19:35:13 - app.middleware.request_logging - INFO - Request completed: OPTIONS /api/v1/pipeline/process/upload -> 200 (1.92ms) request_id=dc0c7590f9cf | event=request_completed | duration_ms=1.92
INFO:     127.0.0.1:59601 - "OPTIONS /api/v1/pipeline/process/upload?direction=entry HTTP/1.1" 200 OK
2026-08-08 19:35:13 - app.middleware.request_logging - INFO - Request started: POST /api/v1/pipeline/process/upload (client=127.0.0.1) request_id=a778d58da51e | event=request_start
2026-08-08 19:35:13 - app.services.ai.camera.storage_service - INFO - Storage directories ensured at C:\Users\HOP\Desktop\gatevison\gatevision-backend\uploads
2026-08-08 19:35:13 - app.services.ai.camera.storage_service - INFO - Storage directories ensured at C:\Users\HOP\Desktop\gatevison\gatevision-backend\uploads
2026-08-08 19:35:13 - app.services.ai.orchestrator.orchestrator - INFO - Pipeline AI services configured | event=pipeline_services | detection=DetectionService | ocr=OcrService | face=enabled(model_ready) | vehicle=enabled(model_ready) | decision=DecisionEngine | gate_workflow=WorkflowService
2026-08-08 19:35:13 - app.services.ai.orchestrator.execution_logger - INFO - Pipeline started request_id=a778d58da51e | event=pipeline_started
2026-08-08 19:35:13 - app.services.ai.orchestrator.workflow - INFO - Stage completed: _capture_frame (0.01ms) request_id=a778d58da51e | event=stage_completed | stage=_capture_frame | duration_ms=0.01
2026-08-08 19:35:13 - gatevision.detection - INFO - Detection started | source=unknown
2026-08-08 19:35:13 - app.services.ai.camera.storage_service - INFO - Image saved: C:\Users\HOP\Desktop\gatevison\gatevision-backend\uploads\plates\plate_0.856_675585d0.jpg
2026-08-08 19:35:13 - gatevision.detection - INFO - Detection completed | plates=1 | time_ms=326.35
2026-08-08 19:35:13 - app.services.ai.orchestrator.workflow - INFO - Stage completed: _detect_plates (332.50ms) request_id=a778d58da51e | event=stage_completed | stage=_detect_plates | duration_ms=332.5
2026-08-08 19:35:13 - app.services.ai.orchestrator.workflow - INFO - Stage completed: _crop_plates (0.39ms) request_id=a778d58da51e | event=stage_completed | stage=_crop_plates | duration_ms=0.39
2026-08-08 19:35:15 - app.services.ai.ocr.plate_reader - INFO - OCR inference | event=ocr_inference | crop_index=0 | input_size=181x105 | prepared_size=181x105 | results=2 | top='LAGOS' | elapsed_ms=1105
2026-08-08 19:35:15 - app.services.ai.orchestrator.orchestrator - INFO - OCR result: a778d58da51e request_id=a778d58da51e | event=ocr_crop_result | crop_index=0 | crop_size=181x105 | detector_conf=0.856 | text='KJA 987FT' | ocr_conf=0.769 | validation=valid
2026-08-08 19:35:15 - app.services.ai.orchestrator.workflow - INFO - Stage completed: _recognize_plates (1112.20ms) request_id=a778d58da51e | event=stage_completed | stage=_recognize_plates | duration_ms=1112.2
2026-08-08 19:35:15 - app.services.ai.face_recognition.recognition_logger - INFO - Face recognition started event=face_recognition_started
2026-08-08 19:35:16 - app.services.ai.face_recognition.recognition_logger - INFO - Faces detected: 1 event=face_detected
2026-08-08 19:35:16 - app.services.ai.face_recognition.recognition_logger - INFO - Face aligned event=face_aligned
2026-08-08 19:35:17 - app.services.ai.face_recognition.recognition_logger - INFO - Embedding extracted: dim=512 event=embedding_extracted
2026-08-08 19:35:17 - app.services.ai.face_recognition.recognition_logger - INFO - Face recognition completed event=face_recognition_completed
2026-08-08 19:35:17 - app.services.ai.orchestrator.workflow - INFO - Stage completed: _recognize_faces (2030.64ms) request_id=a778d58da51e | event=stage_completed | stage=_recognize_faces | duration_ms=2030.64
2026-08-08 19:35:17 - app.services.ai.orchestrator.workflow - INFO - Stage completed: _process_vehicle_fingerprint (332.19ms) request_id=a778d58da51e | event=stage_completed | stage=_process_vehicle_fingerprint | duration_ms=332.19
2026-08-08 19:35:17 - app.services.ai.orchestrator.workflow - INFO - Stage completed: _evaluate_decision (0.40ms) request_id=a778d58da51e | event=stage_completed | stage=_evaluate_decision | duration_ms=0.4
2026-08-08 19:35:17 - app.services.ai.orchestrator.workflow - INFO - Stage completed: _persist_decision (3.17ms) request_id=a778d58da51e | event=stage_completed | stage=_persist_decision | duration_ms=3.17
2026-08-08 19:35:17 - gate - ERROR - GateError | op=entry_session | error=Vehicle 'KJA987FT' is already INSIDE. Duplicate entry rejected.
2026-08-08 19:35:17 - app.services.ai.orchestrator.workflow - INFO - Stage completed: _process_gate_workflow (4.28ms) request_id=a778d58da51e | event=stage_completed | stage=_process_gate_workflow | duration_ms=4.28
2026-08-08 19:35:17 - app.services.ai.orchestrator.workflow - INFO - Stage completed: _aggregate_results (0.00ms) request_id=a778d58da51e | event=stage_completed | stage=_aggregate_results | duration_ms=0.0
2026-08-08 19:35:17 - app.services.ai.orchestrator.execution_logger - INFO - Pipeline succeeded (3821.82ms) request_id=a778d58da51e | event=pipeline_completed
2026-08-08 19:35:17 - app.services.ai.orchestrator.orchestrator - INFO - Pipeline summary: total=3821.82ms stages={'_capture_frame': 0.01, '_detect_plates': 332.5, '_crop_plates': 0.39, '_recognize_plates': 1112.2, '_recognize_faces': 2030.64, '_process_vehicle_fingerprint': 332.19, '_evaluate_decision': 0.4, '_persist_decision': 3.17, '_process_gate_workflow': 4.28, '_aggregate_results': 0.0} decision=GRANT recognized=1 errors=0 request_id=a778d58da51e | event=pipeline_summary | decision=GRANT
2026-08-08 19:35:17 - app.middleware.request_logging - INFO - Request completed: POST /api/v1/pipeline/process/upload -> 200 (3956.28ms) request_id=a778d58da51e | event=request_completed | duration_ms=3956.28
INFO:     127.0.0.1:59601 - "POST /api/v1/pipeline/process/upload?direction=entry HTTP/1.1" 200 OK
2026-08-08 19:35:17 - app.middleware.request_logging - INFO - Request started: GET /api/v1/recognition/history (client=127.0.0.1) request_id=ff68ca1339d4 | event=request_start
2026-08-08 19:35:17 - app.middleware.request_logging - INFO - Request completed: GET /api/v1/recognition/history -> 200 (67.96ms) request_id=ff68ca1339d4 | event=request_completed | duration_ms=67.96
INFO:     127.0.0.1:59601 - "GET /api/v1/recognition/history?page=1&page_size=20 HTTP/1.1" 200 OK
2026-08-08 19:36:03 - app.middleware.request_logging - INFO - Request started: GET /api/v1/auth/me (client=127.0.0.1) request_id=3ada038a74b7 | event=request_start
2026-08-08 19:36:03 - app.middleware.request_logging - INFO - Request completed: GET /api/v1/auth/me -> 200 (5.42ms) request_id=3ada038a74b7 | event=request_completed | duration_ms=5.42
INFO:     127.0.0.1:59603 - "GET /api/v1/auth/me HTTP/1.1" 200 OK
2026-08-08 19:37:04 - app.middleware.request_logging - INFO - Request started: OPTIONS /api/v1/auth/me (client=127.0.0.1) request_id=099ce9cb0b49 | event=request_start
2026-08-08 19:37:04 - app.middleware.request_logging - INFO - Request completed: OPTIONS /api/v1/auth/me -> 200 (2.60ms) request_id=099ce9cb0b49 | event=request_completed | duration_ms=2.6
INFO:     127.0.0.1:59674 - "OPTIONS /api/v1/auth/me HTTP/1.1" 200 OK
2026-08-08 19:37:04 - app.middleware.request_logging - INFO - Request started: GET /api/v1/auth/me (client=127.0.0.1) request_id=7c03e82ee5e3 | event=request_start
2026-08-08 19:37:04 - app.middleware.request_logging - INFO - Request completed: GET /api/v1/auth/me -> 200 (4.45ms) request_id=7c03e82ee5e3 | event=request_completed | duration_ms=4.45
INFO:     127.0.0.1:59674 - "GET /api/v1/auth/me HTTP/1.1" 200 OK
2026-08-08 19:38:04 - app.middleware.request_logging - INFO - Request started: GET /api/v1/auth/me (client=127.0.0.1) request_id=b24c25eca0d5 | event=request_start
2026-08-08 19:38:04 - app.middleware.request_logging - INFO - Request completed: GET /api/v1/auth/me -> 200 (4.72ms) request_id=b24c25eca0d5 | event=request_completed | duration_ms=4.72
INFO:     127.0.0.1:59675 - "GET /api/v1/auth/me HTTP/1.1" 200 OK
2026-08-08 19:39:04 - app.middleware.request_logging - INFO - Request started: GET /api/v1/auth/me (client=127.0.0.1) request_id=d1e6f5b142ac | event=request_start
2026-08-08 19:39:04 - app.middleware.request_logging - INFO - Request completed: GET /api/v1/auth/me -> 200 (4.63ms) request_id=d1e6f5b142ac | event=request_completed | duration_ms=4.63
INFO:     127.0.0.1:59747 - "GET /api/v1/auth/me HTTP/1.1" 200 OK
2026-08-08 19:40:04 - app.middleware.request_logging - INFO - Request started: GET /api/v1/auth/me (client=127.0.0.1) request_id=0a46990671d9 | event=request_start
2026-08-08 19:40:04 - app.middleware.request_logging - INFO - Request completed: GET /api/v1/auth/me -> 200 (4.90ms) request_id=0a46990671d9 | event=request_completed | duration_ms=4.9
INFO:     127.0.0.1:59748 - "GET /api/v1/auth/me HTTP/1.1" 200 OK
2026-08-08 19:41:04 - app.middleware.request_logging - INFO - Request started: GET /api/v1/auth/me (client=127.0.0.1) request_id=e628e46815cc | event=request_start
2026-08-08 19:41:04 - app.middleware.request_logging - INFO - Request completed: GET /api/v1/auth/me -> 200 (4.99ms) request_id=e628e46815cc | event=request_completed | duration_ms=4.99
INFO:     127.0.0.1:59821 - "GET /api/v1/auth/me HTTP/1.1" 200 OK
2026-08-08 19:42:04 - app.middleware.request_logging - INFO - Request started: GET /api/v1/auth/me (client=127.0.0.1) request_id=6efd9bec614d | event=request_start
2026-08-08 19:42:04 - app.middleware.request_logging - INFO - Request completed: GET /api/v1/auth/me -> 200 (7.10ms) request_id=6efd9bec614d | event=request_completed | duration_ms=7.1
INFO:     127.0.0.1:59822 - "GET /api/v1/auth/me HTTP/1.1" 200 OK
2026-08-08 19:43:33 - app.middleware.request_logging - INFO - Request started: GET /api/v1/auth/me (client=127.0.0.1) request_id=c642c1d85e37 | event=request_start
2026-08-08 19:43:33 - app.middleware.request_logging - INFO - Request completed: GET /api/v1/auth/me -> 200 (5.74ms) request_id=c642c1d85e37 | event=request_completed | duration_ms=5.74
INFO:     127.0.0.1:59965 - "GET /api/v1/auth/me HTTP/1.1" 200 OK
2026-08-08 19:44:34 - app.middleware.request_logging - INFO - Request started: GET /api/v1/auth/me (client=127.0.0.1) request_id=380cbf7c0bbb | event=request_start
2026-08-08 19:44:34 - app.middleware.request_logging - INFO - Request completed: GET /api/v1/auth/me -> 200 (3.83ms) request_id=380cbf7c0bbb | event=request_completed | duration_ms=3.83
INFO:     127.0.0.1:60010 - "GET /api/v1/auth/me HTTP/1.1" 200 OK
2026-08-08 19:45:35 - app.middleware.request_logging - INFO - Request started: GET /api/v1/auth/me (client=127.0.0.1) request_id=c74b1cb5499f | event=request_start
2026-08-08 19:45:35 - app.middleware.request_logging - INFO - Request completed: GET /api/v1/auth/me -> 200 (5.91ms) request_id=c74b1cb5499f | event=request_completed | duration_ms=5.91
INFO:     127.0.0.1:60047 - "GET /api/v1/auth/me HTTP/1.1" 200 OK
2026-08-08 19:46:36 - app.middleware.request_logging - INFO - Request started: GET /api/v1/auth/me (client=127.0.0.1) request_id=01f024fc3b48 | event=request_start
2026-08-08 19:46:36 - app.middleware.request_logging - INFO - Request completed: GET /api/v1/auth/me -> 200 (5.16ms) request_id=01f024fc3b48 | event=request_completed | duration_ms=5.16
INFO:     127.0.0.1:60087 - "GET /api/v1/auth/me HTTP/1.1" 200 OK
2026-08-08 19:47:37 - app.middleware.request_logging - INFO - Request started: OPTIONS /api/v1/auth/me (client=127.0.0.1) request_id=bb517440a26d | event=request_start
2026-08-08 19:47:37 - app.middleware.request_logging - INFO - Request completed: OPTIONS /api/v1/auth/me -> 200 (1.96ms) request_id=bb517440a26d | event=request_completed | duration_ms=1.96
INFO:     127.0.0.1:60125 - "OPTIONS /api/v1/auth/me HTTP/1.1" 200 OK
2026-08-08 19:47:37 - app.middleware.request_logging - INFO - Request started: GET /api/v1/auth/me (client=127.0.0.1) request_id=5fb89450519a | event=request_start
2026-08-08 19:47:37 - app.middleware.request_logging - INFO - Request completed: GET /api/v1/auth/me -> 200 (4.74ms) request_id=5fb89450519a | event=request_completed | duration_ms=4.74
INFO:     127.0.0.1:60125 - "GET /api/v1/auth/me HTTP/1.1" 200 OK
2026-08-08 19:48:38 - app.middleware.request_logging - INFO - Request started: GET /api/v1/auth/me (client=127.0.0.1) request_id=7d88f48b1fdb | event=request_start
2026-08-08 19:48:38 - app.middleware.request_logging - INFO - Request completed: GET /api/v1/auth/me -> 200 (4.58ms) request_id=7d88f48b1fdb | event=request_completed | duration_ms=4.58
INFO:     127.0.0.1:60164 - "GET /api/v1/auth/me HTTP/1.1" 200 OK
2026-08-08 19:49:39 - app.middleware.request_logging - INFO - Request started: GET /api/v1/auth/me (client=127.0.0.1) request_id=62b2956d4e20 | event=request_start
2026-08-08 19:49:39 - app.middleware.request_logging - INFO - Request completed: GET /api/v1/auth/me -> 200 (4.78ms) request_id=62b2956d4e20 | event=request_completed | duration_ms=4.78
INFO:     127.0.0.1:60206 - "GET /api/v1/auth/me HTTP/1.1" 200 OK
2026-08-08 19:50:40 - app.middleware.request_logging - INFO - Request started: GET /api/v1/auth/me (client=127.0.0.1) request_id=42b505c98471 | event=request_start
2026-08-08 19:50:40 - app.middleware.request_logging - INFO - Request completed: GET /api/v1/auth/me -> 200 (4.18ms) request_id=42b505c98471 | event=request_completed | duration_ms=4.18
INFO:     127.0.0.1:60247 - "GET /api/v1/auth/me HTTP/1.1" 200 OK
2026-08-08 19:51:41 - app.middleware.request_logging - INFO - Request started: GET /api/v1/auth/me (client=127.0.0.1) request_id=9f73cbbc2ea5 | event=request_start
2026-08-08 19:51:41 - app.middleware.request_logging - INFO - Request completed: GET /api/v1/auth/me -> 200 (5.21ms) request_id=9f73cbbc2ea5 | event=request_completed | duration_ms=5.21
INFO:     127.0.0.1:60315 - "GET /api/v1/auth/me HTTP/1.1" 200 OK
2026-08-08 19:52:41 - app.middleware.request_logging - INFO - Request started: GET /api/v1/auth/me (client=127.0.0.1) request_id=c8e3202e3bc7 | event=request_start
2026-08-08 19:52:41 - app.middleware.request_logging - INFO - Request completed: GET /api/v1/auth/me -> 200 (6.63ms) request_id=c8e3202e3bc7 | event=request_completed | duration_ms=6.63
INFO:     127.0.0.1:60316 - "GET /api/v1/auth/me HTTP/1.1" 200 OK
2026-08-08 19:53:41 - app.middleware.request_logging - INFO - Request started: GET /api/v1/auth/me (client=127.0.0.1) request_id=f9e6c5c63173 | event=request_start
2026-08-08 19:53:41 - app.middleware.request_logging - INFO - Request completed: GET /api/v1/auth/me -> 200 (9.30ms) request_id=f9e6c5c63173 | event=request_completed | duration_ms=9.3
INFO:     127.0.0.1:60398 - "GET /api/v1/auth/me HTTP/1.1" 200 OK
2026-08-08 19:54:41 - app.middleware.request_logging - INFO - Request started: GET /api/v1/auth/me (client=127.0.0.1) request_id=746d7cd6bc1c | event=request_start
2026-08-08 19:54:41 - app.middleware.request_logging - INFO - Request completed: GET /api/v1/auth/me -> 200 (5.76ms) request_id=746d7cd6bc1c | event=request_completed | duration_ms=5.76
INFO:     127.0.0.1:60399 - "GET /api/v1/auth/me HTTP/1.1" 200 OK
2026-08-08 19:55:42 - app.middleware.request_logging - INFO - Request started: GET /api/v1/auth/me (client=127.0.0.1) request_id=67f13ba43682 | event=request_start
2026-08-08 19:55:42 - app.middleware.request_logging - INFO - Request completed: GET /api/v1/auth/me -> 200 (5.98ms) request_id=67f13ba43682 | event=request_completed | duration_ms=5.98
INFO:     127.0.0.1:60568 - "GET /api/v1/auth/me HTTP/1.1" 200 OK
2026-08-08 19:56:41 - app.middleware.request_logging - INFO - Request started: GET /api/v1/auth/me (client=127.0.0.1) request_id=db9e5633818b | event=request_start
2026-08-08 19:56:41 - app.middleware.request_logging - INFO - Request completed: GET /api/v1/auth/me -> 200 (7.21ms) request_id=db9e5633818b | event=request_completed | duration_ms=7.21
INFO:     127.0.0.1:60569 - "GET /api/v1/auth/me HTTP/1.1" 200 OK
2026-08-08 19:57:13 - app.middleware.request_logging - INFO - Request started: GET /api/v1/auth/me (client=127.0.0.1) request_id=bac9442cbb05 | event=request_start
2026-08-08 19:57:13 - app.middleware.request_logging - INFO - Request completed: GET /api/v1/auth/me -> 200 (4.74ms) request_id=bac9442cbb05 | event=request_completed | duration_ms=4.74
INFO:     127.0.0.1:60684 - "GET /api/v1/auth/me HTTP/1.1" 200 OK
2026-08-08 19:58:04 - app.middleware.request_logging - INFO - Request started: OPTIONS /api/v1/auth/me (client=127.0.0.1) request_id=35ec8ee5d628 | event=request_start
2026-08-08 19:58:04 - app.middleware.request_logging - INFO - Request completed: OPTIONS /api/v1/auth/me -> 200 (2.66ms) request_id=35ec8ee5d628 | event=request_completed | duration_ms=2.66
INFO:     127.0.0.1:60686 - "OPTIONS /api/v1/auth/me HTTP/1.1" 200 OK
2026-08-08 19:58:04 - app.middleware.request_logging - INFO - Request started: GET /api/v1/auth/me (client=127.0.0.1) request_id=6557b8461d07 | event=request_start
2026-08-08 19:58:04 - app.middleware.request_logging - INFO - Request completed: GET /api/v1/auth/me -> 200 (3.91ms) request_id=6557b8461d07 | event=request_completed | duration_ms=3.91
INFO:     127.0.0.1:60686 - "GET /api/v1/auth/me HTTP/1.1" 200 OK
2026-08-08 19:59:41 - app.middleware.request_logging - INFO - Request started: GET /api/v1/auth/me (client=127.0.0.1) request_id=47c7da24dfaf | event=request_start
2026-08-08 19:59:41 - app.middleware.request_logging - INFO - Request completed: GET /api/v1/auth/me -> 200 (5.36ms) request_id=47c7da24dfaf | event=request_completed | duration_ms=5.36
INFO:     127.0.0.1:60807 - "GET /api/v1/auth/me HTTP/1.1" 200 OK
2026-08-08 20:00:41 - app.middleware.request_logging - INFO - Request started: GET /api/v1/auth/me (client=127.0.0.1) request_id=e8063e502e31 | event=request_start
2026-08-08 20:00:41 - app.middleware.request_logging - INFO - Request completed: GET /api/v1/auth/me -> 200 (6.39ms) request_id=e8063e502e31 | event=request_completed | duration_ms=6.39
INFO:     127.0.0.1:60808 - "GET /api/v1/auth/me HTTP/1.1" 200 OK
2026-08-08 20:01:41 - app.middleware.request_logging - INFO - Request started: GET /api/v1/auth/me (client=127.0.0.1) request_id=48b0ab4c7685 | event=request_start
2026-08-08 20:01:41 - app.middleware.request_logging - INFO - Request completed: GET /api/v1/auth/me -> 200 (4.80ms) request_id=48b0ab4c7685 | event=request_completed | duration_ms=4.8
INFO:     127.0.0.1:60909 - "GET /api/v1/auth/me HTTP/1.1" 200 OK
2026-08-08 20:02:41 - app.middleware.request_logging - INFO - Request started: GET /api/v1/auth/me (client=127.0.0.1) request_id=ccb636d58876 | event=request_start
2026-08-08 20:02:41 - app.middleware.request_logging - INFO - Request completed: GET /api/v1/auth/me -> 200 (6.31ms) request_id=ccb636d58876 | event=request_completed | duration_ms=6.31
INFO:     127.0.0.1:60910 - "GET /api/v1/auth/me HTTP/1.1" 200 OK
2026-08-08 20:03:41 - app.middleware.request_logging - INFO - Request started: GET /api/v1/auth/me (client=127.0.0.1) request_id=74a0d1336ad3 | event=request_start
2026-08-08 20:03:41 - app.middleware.request_logging - INFO - Request completed: GET /api/v1/auth/me -> 200 (5.16ms) request_id=74a0d1336ad3 | event=request_completed | duration_ms=5.16
INFO:     127.0.0.1:60987 - "GET /api/v1/auth/me HTTP/1.1" 200 OK
2026-08-08 20:04:41 - app.middleware.request_logging - INFO - Request started: GET /api/v1/auth/me (client=127.0.0.1) request_id=9c94288fe3e1 | event=request_start
2026-08-08 20:04:41 - app.middleware.request_logging - INFO - Request completed: GET /api/v1/auth/me -> 200 (6.19ms) request_id=9c94288fe3e1 | event=request_completed | duration_ms=6.19
INFO:     127.0.0.1:60988 - "GET /api/v1/auth/me HTTP/1.1" 200 OK
2026-08-08 20:05:04 - app.middleware.request_logging - INFO - Request started: GET /api/v1/auth/me (client=127.0.0.1) request_id=6eef80d4fe01 | event=request_start
2026-08-08 20:05:04 - app.middleware.request_logging - INFO - Request completed: GET /api/v1/auth/me -> 200 (6.69ms) request_id=6eef80d4fe01 | event=request_completed | duration_ms=6.69
INFO:     127.0.0.1:61042 - "GET /api/v1/auth/me HTTP/1.1" 200 OK
2026-08-08 20:06:04 - app.middleware.request_logging - INFO - Request started: GET /api/v1/auth/me (client=127.0.0.1) request_id=e6ac721c085a | event=request_start
2026-08-08 20:06:04 - app.middleware.request_logging - INFO - Request completed: GET /api/v1/auth/me -> 200 (4.84ms) request_id=e6ac721c085a | event=request_completed | duration_ms=4.84
INFO:     127.0.0.1:61080 - "GET /api/v1/auth/me HTTP/1.1" 200 OK
2026-08-08 20:07:04 - app.middleware.request_logging - INFO - Request started: GET /api/v1/auth/me (client=127.0.0.1) request_id=6d3a04aa2c15 | event=request_start
2026-08-08 20:07:04 - app.middleware.request_logging - INFO - Request completed: GET /api/v1/auth/me -> 200 (4.60ms) request_id=6d3a04aa2c15 | event=request_completed | duration_ms=4.6
INFO:     127.0.0.1:61081 - "GET /api/v1/auth/me HTTP/1.1" 200 OK
2026-08-08 20:08:04 - app.middleware.request_logging - INFO - Request started: GET /api/v1/auth/me (client=127.0.0.1) request_id=0d1fc43f7bb0 | event=request_start
2026-08-08 20:08:04 - app.middleware.request_logging - INFO - Request completed: GET /api/v1/auth/me -> 200 (4.46ms) request_id=0d1fc43f7bb0 | event=request_completed | duration_ms=4.46
INFO:     127.0.0.1:61154 - "GET /api/v1/auth/me HTTP/1.1" 200 OK
2026-08-08 20:09:04 - app.middleware.request_logging - INFO - Request started: OPTIONS /api/v1/auth/me (client=127.0.0.1) request_id=7415e71f03b2 | event=request_start
2026-08-08 20:09:04 - app.middleware.request_logging - INFO - Request completed: OPTIONS /api/v1/auth/me -> 200 (2.48ms) request_id=7415e71f03b2 | event=request_completed | duration_ms=2.48
INFO:     127.0.0.1:61155 - "OPTIONS /api/v1/auth/me HTTP/1.1" 200 OK
2026-08-08 20:09:04 - app.middleware.request_logging - INFO - Request started: GET /api/v1/auth/me (client=127.0.0.1) request_id=a057d891c175 | event=request_start
2026-08-08 20:09:04 - app.middleware.request_logging - INFO - Request completed: GET /api/v1/auth/me -> 200 (3.63ms) request_id=a057d891c175 | event=request_completed | duration_ms=3.63
INFO:     127.0.0.1:61155 - "GET /api/v1/auth/me HTTP/1.1" 200 OK
2026-08-08 20:10:25 - app.middleware.request_logging - INFO - Request started: GET /api/v1/auth/me (client=127.0.0.1) request_id=475080f078ec | event=request_start
2026-08-08 20:10:25 - app.middleware.request_logging - INFO - Request completed: GET /api/v1/auth/me -> 200 (9.06ms) request_id=475080f078ec | event=request_completed | duration_ms=9.06
INFO:     127.0.0.1:61244 - "GET /api/v1/auth/me HTTP/1.1" 200 OK
2026-08-08 20:11:04 - app.middleware.request_logging - INFO - Request started: GET /api/v1/auth/me (client=127.0.0.1) request_id=c4d502639712 | event=request_start
2026-08-08 20:11:04 - app.middleware.request_logging - INFO - Request completed: GET /api/v1/auth/me -> 200 (4.30ms) request_id=c4d502639712 | event=request_completed | duration_ms=4.3
INFO:     127.0.0.1:61245 - "GET /api/v1/auth/me HTTP/1.1" 200 OK
2026-08-08 20:12:41 - app.middleware.request_logging - INFO - Request started: GET /api/v1/auth/me (client=127.0.0.1) request_id=3a97afd3f448 | event=request_start
2026-08-08 20:12:41 - app.middleware.request_logging - INFO - Request completed: GET /api/v1/auth/me -> 200 (5.17ms) request_id=3a97afd3f448 | event=request_completed | duration_ms=5.17
INFO:     127.0.0.1:61327 - "GET /api/v1/auth/me HTTP/1.1" 200 OK
2026-08-08 20:13:41 - app.middleware.request_logging - INFO - Request started: GET /api/v1/auth/me (client=127.0.0.1) request_id=2552ed400a81 | event=request_start
2026-08-08 20:13:41 - app.middleware.request_logging - INFO - Request completed: GET /api/v1/auth/me -> 200 (6.30ms) request_id=2552ed400a81 | event=request_completed | duration_ms=6.3
INFO:     127.0.0.1:61328 - "GET /api/v1/auth/me HTTP/1.1" 200 OK
2026-08-08 20:14:41 - app.middleware.request_logging - INFO - Request started: GET /api/v1/auth/me (client=127.0.0.1) request_id=95cb3631836c | event=request_start
2026-08-08 20:14:41 - app.middleware.request_logging - INFO - Request completed: GET /api/v1/auth/me -> 200 (4.95ms) request_id=95cb3631836c | event=request_completed | duration_ms=4.95
INFO:     127.0.0.1:61399 - "GET /api/v1/auth/me HTTP/1.1" 200 OK
2026-08-08 20:15:41 - app.middleware.request_logging - INFO - Request started: GET /api/v1/auth/me (client=127.0.0.1) request_id=d5e448950fd9 | event=request_start
2026-08-08 20:15:41 - app.middleware.request_logging - INFO - Request completed: GET /api/v1/auth/me -> 200 (6.94ms) request_id=d5e448950fd9 | event=request_completed | duration_ms=6.94
INFO:     127.0.0.1:61400 - "GET /api/v1/auth/me HTTP/1.1" 200 OK
2026-08-08 20:16:41 - app.middleware.request_logging - INFO - Request started: GET /api/v1/auth/me (client=127.0.0.1) request_id=1d4e1b6d2b4f | event=request_start
2026-08-08 20:16:41 - app.middleware.request_logging - INFO - Request completed: GET /api/v1/auth/me -> 200 (5.50ms) request_id=1d4e1b6d2b4f | event=request_completed | duration_ms=5.5
INFO:     127.0.0.1:61470 - "GET /api/v1/auth/me HTTP/1.1" 200 OK
2026-08-08 20:17:41 - app.middleware.request_logging - INFO - Request started: GET /api/v1/auth/me (client=127.0.0.1) request_id=6693801facd7 | event=request_start
2026-08-08 20:17:41 - app.middleware.request_logging - INFO - Request completed: GET /api/v1/auth/me -> 200 (6.08ms) request_id=6693801facd7 | event=request_completed | duration_ms=6.08
INFO:     127.0.0.1:61472 - "GET /api/v1/auth/me HTTP/1.1" 200 OK
2026-08-08 20:18:41 - app.middleware.request_logging - INFO - Request started: GET /api/v1/auth/me (client=127.0.0.1) request_id=bfab67166a5f | event=request_start
2026-08-08 20:18:41 - app.middleware.request_logging - INFO - Request completed: GET /api/v1/auth/me -> 200 (5.44ms) request_id=bfab67166a5f | event=request_completed | duration_ms=5.44
INFO:     127.0.0.1:61540 - "GET /api/v1/auth/me HTTP/1.1" 200 OK
2026-08-08 20:19:41 - app.middleware.request_logging - INFO - Request started: OPTIONS /api/v1/auth/me (client=127.0.0.1) request_id=f2c6eee07178 | event=request_start
2026-08-08 20:19:41 - app.middleware.request_logging - INFO - Request completed: OPTIONS /api/v1/auth/me -> 200 (3.04ms) request_id=f2c6eee07178 | event=request_completed | duration_ms=3.04
INFO:     127.0.0.1:61541 - "OPTIONS /api/v1/auth/me HTTP/1.1" 200 OK
2026-08-08 20:19:41 - app.middleware.request_logging - INFO - Request started: GET /api/v1/auth/me (client=127.0.0.1) request_id=c56aeabf6249 | event=request_start
2026-08-08 20:19:41 - app.middleware.request_logging - INFO - Request completed: GET /api/v1/auth/me -> 200 (6.32ms) request_id=c56aeabf6249 | event=request_completed | duration_ms=6.32
INFO:     127.0.0.1:61541 - "GET /api/v1/auth/me HTTP/1.1" 200 OK
2026-08-08 20:20:41 - app.middleware.request_logging - INFO - Request started: GET /api/v1/auth/me (client=127.0.0.1) request_id=32ae1f23bc55 | event=request_start
2026-08-08 20:20:41 - app.middleware.request_logging - INFO - Request completed: GET /api/v1/auth/me -> 200 (5.02ms) request_id=32ae1f23bc55 | event=request_completed | duration_ms=5.02
INFO:     127.0.0.1:61611 - "GET /api/v1/auth/me HTTP/1.1" 200 OK
2026-08-08 20:21:04 - app.middleware.request_logging - INFO - Request started: GET /api/v1/auth/me (client=127.0.0.1) request_id=e7e46b0fed8a | event=request_start
2026-08-08 20:21:04 - app.middleware.request_logging - INFO - Request completed: GET /api/v1/auth/me -> 200 (5.38ms) request_id=e7e46b0fed8a | event=request_completed | duration_ms=5.38
INFO:     127.0.0.1:61613 - "GET /api/v1/auth/me HTTP/1.1" 200 OK
2026-08-08 20:22:33 - app.middleware.request_logging - INFO - Request started: GET /api/v1/auth/me (client=127.0.0.1) request_id=18a62c2fa7b9 | event=request_start
2026-08-08 20:22:33 - app.middleware.request_logging - INFO - Request completed: GET /api/v1/auth/me -> 200 (4.90ms) request_id=18a62c2fa7b9 | event=request_completed | duration_ms=4.9
INFO:     127.0.0.1:61680 - "GET /api/v1/auth/me HTTP/1.1" 200 OK
2026-08-08 20:23:34 - app.middleware.request_logging - INFO - Request started: GET /api/v1/auth/me (client=127.0.0.1) request_id=775cf6676d82 | event=request_start
2026-08-08 20:23:34 - app.middleware.request_logging - INFO - Request completed: GET /api/v1/auth/me -> 200 (4.98ms) request_id=775cf6676d82 | event=request_completed | duration_ms=4.98
INFO:     127.0.0.1:61718 - "GET /api/v1/auth/me HTTP/1.1" 200 OK
2026-08-08 20:24:35 - app.middleware.request_logging - INFO - Request started: GET /api/v1/auth/me (client=127.0.0.1) request_id=aed261ef1403 | event=request_start
2026-08-08 20:24:35 - app.middleware.request_logging - INFO - Request completed: GET /api/v1/auth/me -> 200 (4.92ms) request_id=aed261ef1403 | event=request_completed | duration_ms=4.92
INFO:     127.0.0.1:61758 - "GET /api/v1/auth/me HTTP/1.1" 200 OK
2026-08-08 20:25:36 - app.middleware.request_logging - INFO - Request started: GET /api/v1/auth/me (client=127.0.0.1) request_id=f2aec3bdd83c | event=request_start
2026-08-08 20:25:36 - app.middleware.request_logging - INFO - Request completed: GET /api/v1/auth/me -> 200 (5.91ms) request_id=f2aec3bdd83c | event=request_completed | duration_ms=5.91
INFO:     127.0.0.1:61797 - "GET /api/v1/auth/me HTTP/1.1" 200 OK
2026-08-08 20:26:37 - app.middleware.request_logging - INFO - Request started: GET /api/v1/auth/me (client=127.0.0.1) request_id=c75ffbe52c05 | event=request_start
2026-08-08 20:26:37 - app.middleware.request_logging - INFO - Request completed: GET /api/v1/auth/me -> 200 (4.87ms) request_id=c75ffbe52c05 | event=request_completed | duration_ms=4.87
INFO:     127.0.0.1:61835 - "GET /api/v1/auth/me HTTP/1.1" 200 OK
2026-08-08 20:27:38 - app.middleware.request_logging - INFO - Request started: GET /api/v1/auth/me (client=127.0.0.1) request_id=a8efa325401c | event=request_start
2026-08-08 20:27:38 - app.middleware.request_logging - INFO - Request completed: GET /api/v1/auth/me -> 200 (4.58ms) request_id=a8efa325401c | event=request_completed | duration_ms=4.58
INFO:     127.0.0.1:61872 - "GET /api/v1/auth/me HTTP/1.1" 200 OK
2026-08-08 20:28:39 - app.middleware.request_logging - INFO - Request started: GET /api/v1/auth/me (client=127.0.0.1) request_id=e5148b97a62a | event=request_start
2026-08-08 20:28:39 - app.middleware.request_logging - INFO - Request completed: GET /api/v1/auth/me -> 200 (5.80ms) request_id=e5148b97a62a | event=request_completed | duration_ms=5.8
INFO:     127.0.0.1:61909 - "GET /api/v1/auth/me HTTP/1.1" 200 OK
2026-08-08 20:29:40 - app.middleware.request_logging - INFO - Request started: GET /api/v1/auth/me (client=127.0.0.1) request_id=12385f69e4e4 | event=request_start
2026-08-08 20:29:40 - app.middleware.request_logging - INFO - Request completed: GET /api/v1/auth/me -> 200 (4.36ms) request_id=12385f69e4e4 | event=request_completed | duration_ms=4.36
INFO:     127.0.0.1:61947 - "GET /api/v1/auth/me HTTP/1.1" 200 OK
2026-08-08 20:30:41 - app.middleware.request_logging - INFO - Request started: OPTIONS /api/v1/auth/me (client=127.0.0.1) request_id=0cd8dcb7225a | event=request_start
2026-08-08 20:30:42 - app.middleware.request_logging - INFO - Request completed: OPTIONS /api/v1/auth/me -> 200 (2.64ms) request_id=0cd8dcb7225a | event=request_completed | duration_ms=2.64
INFO:     127.0.0.1:61986 - "OPTIONS /api/v1/auth/me HTTP/1.1" 200 OK
2026-08-08 20:30:42 - app.middleware.request_logging - INFO - Request started: GET /api/v1/auth/me (client=127.0.0.1) request_id=a08d6e7c1553 | event=request_start
2026-08-08 20:30:42 - app.middleware.request_logging - INFO - Request completed: GET /api/v1/auth/me -> 200 (5.18ms) request_id=a08d6e7c1553 | event=request_completed | duration_ms=5.18
INFO:     127.0.0.1:61986 - "GET /api/v1/auth/me HTTP/1.1" 200 OK
2026-08-08 20:31:41 - app.middleware.request_logging - INFO - Request started: GET /api/v1/auth/me (client=127.0.0.1) request_id=6e5f32486185 | event=request_start
2026-08-08 20:31:41 - app.middleware.request_logging - INFO - Request completed: GET /api/v1/auth/me -> 200 (6.06ms) request_id=6e5f32486185 | event=request_completed | duration_ms=6.06
INFO:     127.0.0.1:61987 - "GET /api/v1/auth/me HTTP/1.1" 200 OK
2026-08-08 20:32:41 - app.middleware.request_logging - INFO - Request started: GET /api/v1/auth/me (client=127.0.0.1) request_id=02efa0365dc4 | event=request_start
2026-08-08 20:32:41 - app.middleware.request_logging - INFO - Request completed: GET /api/v1/auth/me -> 401 (3.04ms) request_id=02efa0365dc4 | event=request_completed | duration_ms=3.04
INFO:     127.0.0.1:62060 - "GET /api/v1/auth/me HTTP/1.1" 401 Unauthorized
2026-08-08 20:32:41 - app.middleware.request_logging - INFO - Request started: OPTIONS /api/v1/auth/refresh (client=127.0.0.1) request_id=36fb5cd90c15 | event=request_start
2026-08-08 20:32:41 - app.middleware.request_logging - INFO - Request completed: OPTIONS /api/v1/auth/refresh -> 200 (1.39ms) request_id=36fb5cd90c15 | event=request_completed | duration_ms=1.39
INFO:     127.0.0.1:62060 - "OPTIONS /api/v1/auth/refresh HTTP/1.1" 200 OK
2026-08-08 20:32:41 - app.middleware.request_logging - INFO - Request started: POST /api/v1/auth/refresh (client=127.0.0.1) request_id=5f5725b7f8fc | event=request_start
2026-08-08 20:32:41 - app.middleware.request_logging - INFO - Request completed: POST /api/v1/auth/refresh -> 200 (5.70ms) request_id=5f5725b7f8fc | event=request_completed | duration_ms=5.7
INFO:     127.0.0.1:62060 - "POST /api/v1/auth/refresh HTTP/1.1" 200 OK
2026-08-08 20:32:41 - app.middleware.request_logging - INFO - Request started: GET /api/v1/auth/me (client=127.0.0.1) request_id=255bcff20572 | event=request_start
2026-08-08 20:32:41 - app.middleware.request_logging - INFO - Request completed: GET /api/v1/auth/me -> 200 (4.09ms) request_id=255bcff20572 | event=request_completed | duration_ms=4.09
INFO:     127.0.0.1:62060 - "GET /api/v1/auth/me HTTP/1.1" 200 OK
2026-08-08 20:33:23 - app.middleware.request_logging - INFO - Request started: GET /api/v1/auth/me (client=127.0.0.1) request_id=6be7db83c08c | event=request_start
2026-08-08 20:33:23 - app.middleware.request_logging - INFO - Request completed: GET /api/v1/auth/me -> 200 (6.25ms) request_id=6be7db83c08c | event=request_completed | duration_ms=6.25
INFO:     127.0.0.1:62062 - "GET /api/v1/auth/me HTTP/1.1" 200 OK
2026-08-08 20:34:04 - app.middleware.request_logging - INFO - Request started: GET /api/v1/auth/me (client=127.0.0.1) request_id=f1f2b1cc5516 | event=request_start
2026-08-08 20:34:04 - app.middleware.request_logging - INFO - Request completed: GET /api/v1/auth/me -> 200 (5.91ms) request_id=f1f2b1cc5516 | event=request_completed | duration_ms=5.91
INFO:     127.0.0.1:62118 - "GET /api/v1/auth/me HTTP/1.1" 200 OK
2026-08-08 20:35:03 - app.middleware.request_logging - INFO - Request started: GET /api/v1/auth/me (client=127.0.0.1) request_id=f75327a65f0e | event=request_start
2026-08-08 20:35:03 - app.middleware.request_logging - INFO - Request completed: GET /api/v1/auth/me -> 200 (4.96ms) request_id=f75327a65f0e | event=request_completed | duration_ms=4.96
INFO:     127.0.0.1:62119 - "GET /api/v1/auth/me HTTP/1.1" 200 OK
2026-08-08 20:36:04 - app.middleware.request_logging - INFO - Request started: GET /api/v1/auth/me (client=127.0.0.1) request_id=02bea2565ac2 | event=request_start
2026-08-08 20:36:04 - app.middleware.request_logging - INFO - Request completed: GET /api/v1/auth/me -> 200 (6.10ms) request_id=02bea2565ac2 | event=request_completed | duration_ms=6.1
INFO:     127.0.0.1:62190 - "GET /api/v1/auth/me HTTP/1.1" 200 OK
2026-08-08 20:37:03 - app.middleware.request_logging - INFO - Request started: GET /api/v1/auth/me (client=127.0.0.1) request_id=aae772823555 | event=request_start
2026-08-08 20:37:03 - app.middleware.request_logging - INFO - Request completed: GET /api/v1/auth/me -> 200 (5.55ms) request_id=aae772823555 | event=request_completed | duration_ms=5.55
INFO:     127.0.0.1:62191 - "GET /api/v1/auth/me HTTP/1.1" 200 OK
2026-08-08 20:38:04 - app.middleware.request_logging - INFO - Request started: GET /api/v1/auth/me (client=127.0.0.1) request_id=c4fb4bdadd4d | event=request_start
2026-08-08 20:38:04 - app.middleware.request_logging - INFO - Request completed: GET /api/v1/auth/me -> 200 (6.35ms) request_id=c4fb4bdadd4d | event=request_completed | duration_ms=6.35
INFO:     127.0.0.1:62262 - "GET /api/v1/auth/me HTTP/1.1" 200 OK
2026-08-08 20:39:03 - app.middleware.request_logging - INFO - Request started: GET /api/v1/auth/me (client=127.0.0.1) request_id=64582285179e | event=request_start
2026-08-08 20:39:03 - app.middleware.request_logging - INFO - Request completed: GET /api/v1/auth/me -> 200 (5.72ms) request_id=64582285179e | event=request_completed | duration_ms=5.72
INFO:     127.0.0.1:62263 - "GET /api/v1/auth/me HTTP/1.1" 200 OK
2026-08-08 20:40:04 - app.middleware.request_logging - INFO - Request started: GET /api/v1/auth/me (client=127.0.0.1) request_id=d720a8076c53 | event=request_start
2026-08-08 20:40:04 - app.middleware.request_logging - INFO - Request completed: GET /api/v1/auth/me -> 404 (5.34ms) request_id=d720a8076c53 | event=request_completed | duration_ms=5.34
INFO:     127.0.0.1:62341 - "GET /api/v1/auth/me HTTP/1.1" 404 Not Found
2026-08-08 20:40:04 - app.middleware.request_logging - INFO - Request started: OPTIONS /api/v1/auth/logout (client=127.0.0.1) request_id=e309c0aa7c0a | event=request_start
2026-08-08 20:40:04 - app.middleware.request_logging - INFO - Request completed: OPTIONS /api/v1/auth/logout -> 200 (1.78ms) request_id=e309c0aa7c0a | event=request_completed | duration_ms=1.78
INFO:     127.0.0.1:62341 - "OPTIONS /api/v1/auth/logout HTTP/1.1" 200 OK
2026-08-08 20:40:04 - app.middleware.request_logging - INFO - Request started: POST /api/v1/auth/logout (client=127.0.0.1) request_id=e1b4c37a4382 | event=request_start
2026-08-08 20:40:04 - app.middleware.request_logging - INFO - Request completed: POST /api/v1/auth/logout -> 404 (5.12ms) request_id=e1b4c37a4382 | event=request_completed | duration_ms=5.12
INFO:     127.0.0.1:62341 - "POST /api/v1/auth/logout HTTP/1.1" 404 Not Found
